Price,Adj Close,Close,High,Low,Open,Volume
Ticker,AKRA.JK,AKRA.JK,AKRA.JK,AKRA.JK,AKRA.JK,AKRA.JK
Date,,,,,,
2021-08-24,541.220703125,770.0,778.0,758.0,772.0,41846500
2021-08-25,527.1630859375,750.0,768.0,744.0,768.0,29006000
2021-08-26,522.9457397460938,744.0,756.0,734.0,756.0,34900500
2021-08-27,535.5977172851562,762.0,768.0,740.0,744.0,42057500
2021-08-30,541.220703125,770.0,778.0,762.0,768.0,55753500
2021-08-31,546.8438110351562,778.0,788.0,770.0,780.0,45604500
2021-09-01,544.0322875976562,774.0,780.0,768.0,780.0,22387500
2021-09-02,541.220703125,770.0,780.0,764.0,774.0,20633000
2021-09-03,539.8150634765625,768.0,776.0,760.0,776.0,23275500
2021-09-06,546.8438110351562,778.0,792.0,766.0,772.0,43851500
2021-09-07,546.8438110351562,778.0,788.0,770.0,788.0,29348000
2021-09-08,514.5111694335938,732.0,780.0,728.0,776.0,69865000
2021-09-09,529.9745483398438,754.0,758.0,728.0,730.0,47110000
2021-09-10,525.75732421875,748.0,754.0,746.0,754.0,9406000
2021-09-13,531.38037109375,756.0,756.0,746.0,748.0,10206500
2021-09-14,548.2496948242188,780.0,784.0,758.0,758.0,41226500
2021-09-15,542.6265869140625,772.0,780.0,764.0,780.0,9779000
2021-09-16,548.2496948242188,780.0,784.0,772.0,772.0,8326500
2021-09-17,545.4380493164062,776.0,780.0,770.0,780.0,36478000
2021-09-20,542.6265869140625,772.0,780.0,766.0,780.0,9588000
2021-09-21,544.0322875976562,774.0,780.0,760.0,770.0,18277000
2021-09-22,560.9015502929688,798.0,810.0,778.0,782.0,54041000
2021-09-23,576.364990234375,820.0,824.0,804.0,804.0,50575000
2021-09-24,580.5823364257812,826.0,848.0,816.0,824.0,65231000
2021-09-27,580.5823364257812,826.0,840.0,820.0,828.0,27472500
2021-09-28,572.1475830078125,814.0,834.0,796.0,826.0,66873000
2021-09-29,583.393798828125,830.0,830.0,800.0,800.0,44890000
2021-09-30,612.9149780273438,872.0,872.0,830.0,832.0,63663500
2021-10-01,610.1033325195312,868.0,874.0,856.0,872.0,24179000
2021-10-04,625.5667724609375,890.0,890.0,856.0,870.0,27998500
2021-10-05,619.94384765625,882.0,898.0,878.0,890.0,29454000
2021-10-06,615.7264404296875,876.0,890.0,868.0,886.0,31678500
2021-10-07,581.988037109375,828.0,894.0,818.0,876.0,69739500
2021-10-08,618.5380249023438,880.0,880.0,834.0,836.0,101014500
2021-10-11,619.94384765625,882.0,888.0,876.0,884.0,63429000
2021-10-12,619.94384765625,882.0,882.0,866.0,882.0,66580500
2021-10-13,608.6976928710938,866.0,882.0,862.0,882.0,53650000
2021-10-14,610.1033325195312,868.0,888.0,858.0,868.0,51214500
2021-10-15,601.6687622070312,856.0,872.0,854.0,868.0,55579000
2021-10-18,617.1322021484375,878.0,884.0,856.0,856.0,65018500
2021-10-19,614.3206176757812,874.0,884.0,870.0,882.0,37421000
2021-10-21,621.3494873046875,884.0,900.0,868.0,868.0,114251000
2021-10-22,655.0880737304688,932.0,944.0,890.0,890.0,106233000
2021-10-25,659.30517578125,938.0,944.0,932.0,940.0,68106500
2021-10-26,653.6823120117188,930.0,944.0,924.0,938.0,35298000
2021-10-27,626.97265625,892.0,934.0,882.0,930.0,67238000
2021-10-28,594.6399536132812,846.0,884.0,836.0,880.0,75826500
2021-10-29,600.2630615234375,854.0,860.0,846.0,850.0,57457500
2021-11-01,590.422607421875,840.0,858.0,830.0,854.0,38070500
2021-11-02,593.2342529296875,844.0,846.0,834.0,844.0,51361500
2021-11-03,587.611083984375,836.0,848.0,832.0,844.0,54523500
2021-11-04,590.422607421875,840.0,850.0,836.0,838.0,43927500
2021-11-05,583.393798828125,830.0,856.0,830.0,846.0,53017000
2021-11-08,603.074462890625,858.0,858.0,834.0,834.0,89044000
2021-11-09,610.1033325195312,868.0,884.0,862.0,862.0,82012500
2021-11-10,619.94384765625,882.0,888.0,870.0,870.0,69524000
2021-11-11,614.3206176757812,874.0,894.0,874.0,890.0,81449500
2021-11-12,608.6976928710938,866.0,880.0,866.0,876.0,38476000
2021-11-15,608.6976928710938,866.0,874.0,854.0,866.0,66514500
2021-11-16,618.5380249023438,880.0,880.0,862.0,866.0,74576500
2021-11-17,604.4803466796875,860.0,886.0,860.0,884.0,70988000
2021-11-18,591.8284301757812,842.0,870.0,838.0,860.0,39810500
2021-11-19,587.611083984375,836.0,844.0,832.0,842.0,65809500
2021-11-22,574.9591674804688,818.0,838.0,790.0,836.0,86170000
2021-11-23,586.205322265625,834.0,838.0,812.0,818.0,48328500
2021-11-24,604.4803466796875,860.0,872.0,834.0,834.0,124224000
2021-11-25,586.205322265625,834.0,862.0,830.0,862.0,64479500
2021-11-26,580.5823364257812,826.0,842.0,810.0,828.0,60110000
2021-11-29,560.9015502929688,798.0,820.0,794.0,820.0,90713500
2021-11-30,558.0900268554688,794.0,806.0,790.0,798.0,60344000
2021-12-01,589.016845703125,838.0,838.0,790.0,794.0,93590000
2021-12-02,580.5823364257812,826.0,838.0,818.0,838.0,84535500
2021-12-03,589.016845703125,838.0,842.0,822.0,830.0,24848500
2021-12-06,589.016845703125,838.0,846.0,834.0,838.0,12971000
2021-12-07,598.8572387695312,852.0,852.0,840.0,842.0,13880500
2021-12-08,603.074462890625,858.0,866.0,844.0,852.0,74022000
2021-12-09,608.6976928710938,866.0,868.0,858.0,858.0,24835000
2021-12-10,603.074462890625,858.0,870.0,850.0,870.0,11840000
2021-12-13,597.4515380859375,850.0,864.0,850.0,858.0,17027500
2021-12-14,594.6399536132812,846.0,864.0,836.0,850.0,18320500
2021-12-15,597.4515380859375,850.0,856.0,836.0,846.0,23371000
2021-12-16,593.2342529296875,844.0,870.0,844.0,854.0,62369500
2021-12-17,604.4803466796875,860.0,862.0,846.0,852.0,36238500
2021-12-20,618.5380249023438,880.0,886.0,842.0,860.0,65584000
2021-12-21,593.2342529296875,844.0,890.0,842.0,884.0,47500000
2021-12-22,566.5245361328125,806.0,850.0,806.0,848.0,53601500
2021-12-23,577.770751953125,822.0,830.0,806.0,806.0,50745000
2021-12-24,573.553466796875,816.0,822.0,812.0,822.0,25869500
2021-12-27,573.553466796875,816.0,822.0,814.0,816.0,23768000
2021-12-28,579.1764526367188,824.0,826.0,816.0,820.0,27937000
2021-12-29,574.9591674804688,818.0,830.0,818.0,828.0,38989000
2021-12-30,577.770751953125,822.0,828.0,814.0,818.0,43166500
2022-01-03,612.9149780273438,872.0,876.0,820.0,822.0,64814000
2022-01-04,590.422607421875,840.0,872.0,836.0,872.0,59012500
2022-01-05,579.1764526367188,824.0,840.0,824.0,838.0,24965000
2022-01-06,584.7996215820312,832.0,838.0,824.0,824.0,32899500
2022-01-07,603.074462890625,858.0,868.0,836.0,836.0,103817000
2022-01-10,604.4803466796875,860.0,882.0,846.0,862.0,75864500
2022-01-11,590.422607421875,840.0,874.0,836.0,860.0,377550000
2022-01-12,576.364990234375,820.0,845.0,795.0,840.0,45678700
2022-01-13,593.9370727539062,845.0,845.0,820.0,820.0,40531000
2022-01-14,579.8793334960938,825.0,845.0,820.0,845.0,23765300
2022-01-17,569.3360595703125,810.0,840.0,800.0,830.0,31193100
2022-01-18,569.3360595703125,810.0,820.0,800.0,815.0,29622700
2022-01-19,551.7639770507812,785.0,805.0,780.0,805.0,32961200
2022-01-20,530.677490234375,755.0,785.0,750.0,785.0,44564900
2022-01-21,562.3072509765625,800.0,800.0,760.0,760.0,39832800
2022-01-24,558.7928466796875,795.0,810.0,785.0,800.0,29427100
2022-01-25,544.7352294921875,775.0,800.0,770.0,795.0,34220900
2022-01-26,513.1054077148438,730.0,780.0,725.0,775.0,104943500
2022-01-27,499.0476989746094,710.0,740.0,700.0,735.0,64734600
2022-01-28,516.6198120117188,735.0,740.0,705.0,710.0,61168000
2022-01-31,513.1054077148438,730.0,745.0,720.0,740.0,40034900
2022-02-02,509.5909118652344,725.0,740.0,710.0,735.0,40492600
2022-02-03,509.5909118652344,725.0,740.0,715.0,730.0,32630600
2022-02-04,506.0765075683594,720.0,735.0,715.0,720.0,20368000
2022-02-07,530.677490234375,755.0,765.0,720.0,720.0,50333100
2022-02-08,527.1630859375,750.0,765.0,740.0,760.0,55295100
2022-02-09,516.6198120117188,735.0,755.0,730.0,750.0,28552100
2022-02-10,495.5332336425781,705.0,740.0,705.0,735.0,74260400
2022-02-11,492.0188903808594,700.0,710.0,690.0,710.0,46451300
2022-02-14,488.5043640136719,695.0,710.0,685.0,700.0,55864300
2022-02-15,488.5043640136719,695.0,715.0,690.0,695.0,55356500
2022-02-16,509.5909118652344,725.0,725.0,700.0,705.0,67665500
2022-02-17,513.1054077148438,730.0,735.0,715.0,735.0,47084800
2022-02-18,520.13427734375,740.0,745.0,720.0,730.0,31359400
2022-02-21,523.6486206054688,745.0,750.0,735.0,740.0,32153600
2022-02-22,516.6198120117188,735.0,755.0,725.0,745.0,39824400
2022-02-23,520.13427734375,740.0,745.0,725.0,730.0,28548900
2022-02-24,551.7639770507812,785.0,795.0,735.0,740.0,102093200
2022-02-25,530.677490234375,755.0,800.0,750.0,795.0,63179900
2022-03-01,520.13427734375,740.0,765.0,725.0,765.0,80765600
2022-03-02,527.1630859375,750.0,765.0,740.0,750.0,54995300
2022-03-04,530.677490234375,755.0,765.0,745.0,760.0,50572700
2022-03-07,558.7928466796875,795.0,795.0,755.0,760.0,102891200
2022-03-08,558.7928466796875,795.0,815.0,790.0,795.0,90921800
2022-03-09,569.3360595703125,810.0,810.0,795.0,800.0,79072200
2022-03-10,558.7928466796875,795.0,810.0,775.0,800.0,61076900
2022-03-11,558.7928466796875,795.0,800.0,785.0,800.0,47823000
2022-03-14,558.7928466796875,795.0,800.0,790.0,800.0,50421400
2022-03-15,562.3072509765625,800.0,805.0,785.0,795.0,45982100
2022-03-16,565.8216552734375,805.0,815.0,795.0,800.0,35947700
2022-03-17,569.3360595703125,810.0,810.0,795.0,810.0,33031700
2022-03-18,586.9082641601562,835.0,840.0,810.0,815.0,59580100
2022-03-21,583.393798828125,830.0,845.0,820.0,845.0,36079500
2022-03-22,583.393798828125,830.0,840.0,825.0,835.0,35585100
2022-03-23,622.0524291992188,885.0,900.0,830.0,835.0,133403500
2022-03-24,618.5380249023438,880.0,890.0,875.0,890.0,61951100
2022-03-25,646.6533813476562,920.0,930.0,880.0,880.0,83629800
2022-03-28,674.7687377929688,960.0,965.0,920.0,920.0,103223800
2022-03-29,653.6823120117188,930.0,970.0,925.0,965.0,47345500
2022-03-30,632.5956420898438,900.0,945.0,895.0,930.0,74360200
2022-03-31,639.62451171875,910.0,930.0,890.0,900.0,49376600
2022-04-01,650.1677856445312,925.0,925.0,900.0,910.0,37699500
2022-04-04,643.1389770507812,915.0,935.0,915.0,925.0,32665300
2022-04-05,653.6823120117188,930.0,930.0,910.0,915.0,35040900
2022-04-06,650.1677856445312,925.0,935.0,910.0,935.0,44264100
2022-04-07,646.6533813476562,920.0,935.0,915.0,925.0,54430700
2022-04-08,646.6533813476562,920.0,930.0,910.0,920.0,24739400
2022-04-11,646.6533813476562,920.0,955.0,920.0,920.0,45709700
2022-04-12,639.62451171875,910.0,930.0,865.0,920.0,73935000
2022-04-13,653.6823120117188,930.0,935.0,910.0,910.0,37161300
2022-04-14,653.6823120117188,930.0,950.0,920.0,935.0,34298500
2022-04-18,660.7110595703125,940.0,945.0,930.0,930.0,29336500
2022-04-19,667.7399291992188,950.0,955.0,940.0,950.0,40073200
2022-04-20,657.1966552734375,935.0,960.0,930.0,950.0,49442400
2022-04-21,720.4562377929688,1025.0,1035.0,935.0,940.0,126072100
2022-04-22,692.3408203125,985.0,1030.0,970.0,1020.0,65342100
2022-04-25,688.8263549804688,980.0,990.0,945.0,965.0,55912200
2022-04-26,716.9418334960938,1020.0,1020.0,960.0,980.0,68812900
2022-04-27,699.3696899414062,995.0,1030.0,990.0,1030.0,39950700
2022-04-28,752.0860595703125,1070.0,1080.0,990.0,995.0,72419200
2022-05-09,762.6292724609375,1085.0,1095.0,1030.0,1070.0,83339700
2022-05-10,762.6292724609375,1085.0,1090.0,1040.0,1080.0,57415900
2022-05-11,766.143798828125,1090.0,1120.0,1085.0,1090.0,45509200
2022-05-12,716.9418334960938,1020.0,1095.0,1015.0,1095.0,36844300
2022-05-13,706.3984985351562,1005.0,1040.0,995.0,1020.0,34423200
2022-05-17,716.9418334960938,1020.0,1050.0,995.0,1020.0,50164200
2022-05-18,729.0933837890625,1020.0,1040.0,1010.0,1030.0,46341800
2022-05-19,750.5372314453125,1050.0,1055.0,1000.0,1020.0,56516600
2022-05-20,732.6673583984375,1025.0,1065.0,1025.0,1060.0,27245400
2022-05-23,718.371337890625,1005.0,1040.0,1005.0,1025.0,25995800
2022-05-24,718.371337890625,1005.0,1035.0,975.0,1005.0,53213500
2022-05-25,729.0933837890625,1020.0,1030.0,1000.0,1005.0,24504200
2022-05-27,725.5193481445312,1015.0,1040.0,1010.0,1040.0,40662200
2022-05-30,739.8153076171875,1035.0,1035.0,1010.0,1015.0,13847200
2022-05-31,800.5731201171875,1120.0,1140.0,1035.0,1050.0,95013900
2022-06-02,764.8333129882812,1070.0,1140.0,1070.0,1130.0,41944900
2022-06-03,764.8333129882812,1070.0,1095.0,1055.0,1080.0,31683700
2022-06-06,796.9990234375,1115.0,1115.0,1060.0,1070.0,48171700
2022-06-07,789.8510131835938,1105.0,1125.0,1095.0,1120.0,31244100
2022-06-08,789.8510131835938,1105.0,1120.0,1080.0,1110.0,30524400
2022-06-09,836.3129272460938,1170.0,1215.0,1110.0,1110.0,108808500
2022-06-10,854.1829223632812,1195.0,1195.0,1140.0,1165.0,52572300
2022-06-13,829.1649780273438,1160.0,1195.0,1150.0,1195.0,43999100
2022-06-14,825.5910034179688,1155.0,1185.0,1125.0,1160.0,62367700
2022-06-15,843.4608764648438,1180.0,1195.0,1145.0,1160.0,78054200
2022-06-16,832.7389526367188,1165.0,1200.0,1165.0,1200.0,30085900
2022-06-17,789.8510131835938,1105.0,1165.0,1105.0,1155.0,36642800
2022-06-20,750.5372314453125,1050.0,1115.0,1035.0,1100.0,64086100
2022-06-21,768.4072265625,1075.0,1100.0,1035.0,1050.0,80862700
2022-06-22,761.2592163085938,1065.0,1115.0,1065.0,1085.0,79758400
2022-06-23,761.2592163085938,1065.0,1095.0,1040.0,1040.0,57625300
2022-06-24,757.6851806640625,1060.0,1080.0,1055.0,1065.0,54941100
2022-06-27,764.8333129882812,1070.0,1090.0,1060.0,1065.0,41973400
2022-06-28,754.1112060546875,1055.0,1080.0,1050.0,1070.0,59011700
2022-06-29,739.8153076171875,1035.0,1060.0,1035.0,1060.0,40150200
2022-06-30,736.2412719726562,1030.0,1050.0,1025.0,1030.0,49683300
2022-07-01,686.2055053710938,960.0,1035.0,960.0,1025.0,60917000
2022-07-04,643.317626953125,900.0,1005.0,895.0,960.0,79415600
2022-07-05,668.3355712890625,935.0,955.0,900.0,900.0,60767000
2022-07-06,679.0574951171875,950.0,955.0,925.0,935.0,56499400
2022-07-07,686.2055053710938,960.0,980.0,950.0,950.0,50142400
2022-07-08,729.0933837890625,1020.0,1045.0,960.0,960.0,71285900
2022-07-11,764.8333129882812,1070.0,1075.0,1020.0,1020.0,50319100
2022-07-12,761.2592163085938,1065.0,1090.0,1060.0,1070.0,59044200
2022-07-13,750.5372314453125,1050.0,1075.0,1040.0,1065.0,33515600
2022-07-14,743.3892822265625,1040.0,1050.0,1010.0,1050.0,51816800
2022-07-15,725.5193481445312,1015.0,1050.0,995.0,1030.0,38186500
2022-07-18,725.5193481445312,1015.0,1065.0,1015.0,1020.0,46160000
2022-07-19,786.277099609375,1100.0,1105.0,1020.0,1025.0,66057900
2022-07-20,782.7031860351562,1095.0,1130.0,1090.0,1100.0,60235600
2022-07-21,786.277099609375,1100.0,1105.0,1080.0,1095.0,29637500
2022-07-22,771.9811401367188,1080.0,1105.0,1070.0,1100.0,26551600
2022-07-25,782.7031860351562,1095.0,1115.0,1070.0,1080.0,52071300
2022-07-26,771.9811401367188,1080.0,1150.0,1080.0,1115.0,70922500
2022-07-27,789.8510131835938,1105.0,1120.0,1070.0,1075.0,82598400
2022-07-28,829.1649780273438,1160.0,1185.0,1110.0,1110.0,88032700
2022-07-29,893.4967041015625,1250.0,1250.0,1160.0,1175.0,64516400
2022-08-01,900.6448974609375,1260.0,1275.0,1225.0,1260.0,40768600
2022-08-02,893.4967041015625,1250.0,1260.0,1225.0,1250.0,52215000
2022-08-03,918.5145874023438,1285.0,1290.0,1220.0,1250.0,84483800
2022-08-04,922.1594848632812,1265.0,1285.0,1250.0,1280.0,37542200
2022-08-05,874.7758178710938,1200.0,1285.0,1190.0,1285.0,49862600
2022-08-08,860.1962280273438,1180.0,1220.0,1175.0,1200.0,33410900
2022-08-09,882.065673828125,1210.0,1215.0,1165.0,1175.0,40936900
2022-08-10,860.1962280273438,1180.0,1245.0,1175.0,1175.0,53351800
2022-08-11,885.7103881835938,1215.0,1220.0,1185.0,1190.0,38994900
2022-08-12,867.4861450195312,1190.0,1230.0,1180.0,1220.0,32198500
2022-08-15,863.8411254882812,1185.0,1200.0,1170.0,1195.0,27509800
2022-08-16,849.2615356445312,1165.0,1185.0,1150.0,1185.0,35350200
2022-08-18,845.61669921875,1160.0,1165.0,1140.0,1165.0,23617600
2022-08-19,863.8411254882812,1185.0,1200.0,1155.0,1200.0,36456300
2022-08-22,852.9063720703125,1170.0,1205.0,1150.0,1150.0,46134500
2022-08-23,885.7103881835938,1215.0,1225.0,1165.0,1165.0,60971200
2022-08-24,885.7103881835938,1215.0,1240.0,1195.0,1215.0,48516400
2022-08-25,882.065673828125,1210.0,1220.0,1190.0,1215.0,33122400
2022-08-26,896.6451416015625,1230.0,1240.0,1200.0,1220.0,63232900
2022-08-29,882.065673828125,1210.0,1220.0,1175.0,1220.0,49111600
2022-08-30,889.35546875,1220.0,1255.0,1205.0,1215.0,95353300
2022-08-31,874.7758178710938,1200.0,1235.0,1165.0,1210.0,97112200
2022-09-01,860.1962280273438,1180.0,1200.0,1170.0,1200.0,27681700
2022-09-02,838.3268432617188,1150.0,1190.0,1140.0,1180.0,45291600
2022-09-05,871.1309814453125,1195.0,1205.0,1140.0,1160.0,87239000
2022-09-06,882.065673828125,1210.0,1220.0,1190.0,1200.0,62092200
2022-09-07,874.7758178710938,1200.0,1230.0,1185.0,1210.0,52493700
2022-09-08,871.1309814453125,1195.0,1210.0,1175.0,1200.0,39797600
2022-09-09,874.7758178710938,1200.0,1200.0,1165.0,1195.0,31917300
2022-09-12,878.4207763671875,1205.0,1210.0,1190.0,1200.0,36936200
2022-09-13,914.8696899414062,1255.0,1260.0,1205.0,1245.0,71376500
2022-09-14,1002.3472900390625,1375.0,1380.0,1205.0,1245.0,152853400
2022-09-15,1027.861572265625,1410.0,1445.0,1370.0,1375.0,114329200
2022-09-16,980.4779663085938,1345.0,1405.0,1320.0,1405.0,82745900
2022-09-19,1024.216796875,1405.0,1455.0,1315.0,1330.0,99646200
2022-09-20,1038.79638671875,1425.0,1445.0,1390.0,1410.0,66656000
2022-09-21,1035.1514892578125,1420.0,1430.0,1405.0,1425.0,38394700
2022-09-22,1060.665771484375,1455.0,1455.0,1400.0,1415.0,37769900
2022-09-23,1020.5719604492188,1400.0,1450.0,1375.0,1425.0,69496400
2022-09-26,951.31884765625,1305.0,1390.0,1305.0,1385.0,71151700
2022-09-27,1002.3472900390625,1375.0,1375.0,1275.0,1275.0,59745300
2022-09-28,976.8330078125,1340.0,1370.0,1330.0,1370.0,62772100
2022-09-29,969.5432739257812,1330.0,1355.0,1320.0,1350.0,29870300
2022-09-30,984.122802734375,1350.0,1355.0,1310.0,1325.0,56082000
2022-10-03,980.4779663085938,1345.0,1350.0,1325.0,1350.0,22738700
2022-10-04,1024.216796875,1405.0,1415.0,1355.0,1355.0,76605100
2022-10-05,1031.5067138671875,1415.0,1430.0,1405.0,1420.0,65511100
2022-10-06,1024.216796875,1405.0,1475.0,1405.0,1420.0,54404500
2022-10-07,995.0575561523438,1365.0,1405.0,1355.0,1400.0,41152600
2022-10-10,969.5432739257812,1330.0,1370.0,1330.0,1365.0,37876100
2022-10-11,1027.861572265625,1410.0,1420.0,1330.0,1335.0,51924300
2022-10-12,1057.0208740234375,1450.0,1450.0,1375.0,1420.0,59097000
2022-10-13,1027.861572265625,1410.0,1460.0,1400.0,1445.0,51663700
2022-10-14,1049.7310791015625,1440.0,1445.0,1410.0,1415.0,53612500
2022-10-17,1027.861572265625,1410.0,1430.0,1390.0,1425.0,44307500
2022-10-18,1049.7310791015625,1440.0,1440.0,1405.0,1420.0,83976600
2022-10-19,1057.0208740234375,1450.0,1480.0,1435.0,1445.0,70532000
2022-10-20,1057.0208740234375,1450.0,1495.0,1435.0,1445.0,89974800
2022-10-21,1046.0863037109375,1435.0,1455.0,1435.0,1450.0,34692800
2022-10-24,1057.0208740234375,1450.0,1485.0,1435.0,1450.0,74242400
2022-10-25,991.4126586914062,1360.0,1485.0,1350.0,1465.0,110331300
2022-10-26,1016.9269409179688,1395.0,1395.0,1345.0,1365.0,89000000
2022-10-27,1038.79638671875,1425.0,1465.0,1385.0,1395.0,96556500
2022-10-28,1053.3758544921875,1445.0,1445.0,1415.0,1425.0,45448500
2022-10-31,1137.208740234375,1560.0,1560.0,1445.0,1445.0,72087200
2022-11-01,1060.665771484375,1455.0,1560.0,1455.0,1560.0,104088500
2022-11-02,1089.8248291015625,1495.0,1500.0,1460.0,1460.0,54695900
2022-11-03,1129.9188232421875,1550.0,1580.0,1495.0,1495.0,70198100
2022-11-04,1104.404541015625,1515.0,1555.0,1475.0,1550.0,55118200
2022-11-07,1089.8248291015625,1495.0,1540.0,1490.0,1540.0,33745400
2022-11-08,1071.600341796875,1470.0,1510.0,1460.0,1500.0,39862100
2022-11-09,1071.600341796875,1470.0,1490.0,1445.0,1475.0,37978500
2022-11-10,1064.3106689453125,1460.0,1470.0,1430.0,1470.0,31553900
2022-11-11,1078.89013671875,1480.0,1485.0,1440.0,1470.0,53201600
2022-11-14,1009.6370239257812,1385.0,1480.0,1385.0,1450.0,68478600
2022-11-15,1035.1514892578125,1420.0,1435.0,1365.0,1390.0,58094500
2022-11-16,1024.216796875,1405.0,1430.0,1385.0,1420.0,38951000
2022-11-17,984.122802734375,1350.0,1410.0,1310.0,1410.0,86089600
2022-11-18,995.0575561523438,1365.0,1380.0,1325.0,1335.0,41770800
2022-11-21,1020.5719604492188,1400.0,1400.0,1350.0,1365.0,44802400
2022-11-22,1013.2818603515625,1390.0,1420.0,1365.0,1400.0,43693500
2022-11-23,1013.2818603515625,1390.0,1400.0,1375.0,1390.0,25132100
2022-11-24,995.0575561523438,1365.0,1395.0,1365.0,1390.0,22979400
2022-11-25,991.4126586914062,1360.0,1365.0,1340.0,1365.0,28423100
2022-11-28,998.7022705078125,1370.0,1370.0,1345.0,1360.0,29009900
2022-11-29,1013.2818603515625,1390.0,1395.0,1365.0,1370.0,41959400
2022-11-30,1009.6370239257812,1385.0,1405.0,1360.0,1390.0,67853300
2022-12-01,1049.7310791015625,1440.0,1465.0,1385.0,1385.0,76646300
2022-12-02,1057.0208740234375,1450.0,1455.0,1425.0,1445.0,34444300
2022-12-05,1020.5719604492188,1400.0,1455.0,1400.0,1450.0,73391400
2022-12-06,991.4126586914062,1360.0,1395.0,1325.0,1395.0,63134900
2022-12-07,1002.3472900390625,1375.0,1375.0,1330.0,1360.0,43821500
2022-12-08,991.4126586914062,1360.0,1375.0,1340.0,1375.0,45953200
2022-12-09,991.4126586914062,1360.0,1370.0,1335.0,1365.0,35887200
2022-12-12,1005.9921264648438,1380.0,1385.0,1355.0,1360.0,33307000
2022-12-13,1042.441162109375,1430.0,1440.0,1380.0,1390.0,37882700
2022-12-14,1035.1514892578125,1420.0,1445.0,1415.0,1440.0,18364000
2022-12-15,1035.1514892578125,1420.0,1430.0,1400.0,1425.0,24408400
2022-12-16,1005.9921264648438,1380.0,1420.0,1365.0,1410.0,34235100
2022-12-19,976.8330078125,1340.0,1375.0,1315.0,1360.0,48794900
2022-12-20,987.767578125,1355.0,1370.0,1330.0,1330.0,25027000
2022-12-21,998.7022705078125,1370.0,1380.0,1340.0,1350.0,24147100
2022-12-22,1020.5719604492188,1400.0,1410.0,1370.0,1370.0,28107900
2022-12-23,1020.5719604492188,1400.0,1405.0,1380.0,1400.0,19255000
2022-12-26,1016.9269409179688,1395.0,1410.0,1385.0,1410.0,11998000
2022-12-27,1005.9921264648438,1380.0,1400.0,1380.0,1395.0,16529100
2022-12-28,1035.1514892578125,1420.0,1420.0,1375.0,1380.0,30710400
2022-12-29,1024.216796875,1405.0,1420.0,1395.0,1415.0,19919700
2022-12-30,1020.5719604492188,1400.0,1430.0,1400.0,1405.0,23158800
2023-01-02,1009.6370239257812,1385.0,1405.0,1375.0,1400.0,15363600
2023-01-03,984.122802734375,1350.0,1410.0,1350.0,1385.0,32260600
2023-01-04,940.3839721679688,1290.0,1365.0,1275.0,1365.0,44109500
2023-01-05,896.6451416015625,1230.0,1305.0,1200.0,1275.0,60622100
2023-01-06,925.804443359375,1270.0,1290.0,1215.0,1230.0,36566800
2023-01-09,922.1594848632812,1265.0,1275.0,1235.0,1275.0,35775200
2023-01-10,914.8696899414062,1255.0,1270.0,1215.0,1270.0,47048600
2023-01-11,918.5147094726562,1260.0,1290.0,1240.0,1240.0,47927800
2023-01-12,962.2534790039062,1320.0,1325.0,1250.0,1260.0,41809800
2023-01-13,958.6084594726562,1315.0,1325.0,1290.0,1325.0,29313900
2023-01-16,954.9636840820312,1310.0,1325.0,1310.0,1315.0,18355300
2023-01-17,969.5432739257812,1330.0,1330.0,1290.0,1310.0,29257200
2023-01-18,947.6738891601562,1300.0,1330.0,1295.0,1330.0,27702300
2023-01-19,951.31884765625,1305.0,1315.0,1280.0,1300.0,24133700
2023-01-20,965.8983764648438,1325.0,1325.0,1295.0,1310.0,22369700
2023-01-24,984.122802734375,1350.0,1360.0,1320.0,1330.0,25018700
2023-01-25,984.122802734375,1350.0,1360.0,1335.0,1350.0,20326200
2023-01-26,1020.5719604492188,1400.0,1420.0,1350.0,1355.0,59473700
2023-01-27,1013.2818603515625,1390.0,1420.0,1375.0,1420.0,26787400
2023-01-30,980.4779663085938,1345.0,1400.0,1345.0,1390.0,25290500
2023-01-31,954.9636840820312,1310.0,1345.0,1310.0,1345.0,74406500
2023-02-01,998.7022705078125,1370.0,1390.0,1315.0,1320.0,44293500
2023-02-02,1038.79638671875,1425.0,1425.0,1365.0,1380.0,53896100
2023-02-03,987.767578125,1355.0,1420.0,1335.0,1420.0,48629300
2023-02-06,958.6084594726562,1315.0,1350.0,1310.0,1350.0,32398100
2023-02-07,965.8983764648438,1325.0,1330.0,1305.0,1330.0,36469600
2023-02-08,947.6738891601562,1300.0,1340.0,1290.0,1325.0,44781500
2023-02-09,933.0942993164062,1280.0,1305.0,1265.0,1300.0,47302000
2023-02-10,954.9636840820312,1310.0,1315.0,1265.0,1280.0,39029300
2023-02-13,947.6738891601562,1300.0,1325.0,1300.0,1315.0,31049700
2023-02-14,987.767578125,1355.0,1360.0,1300.0,1300.0,48477800
2023-02-15,976.8330078125,1340.0,1365.0,1315.0,1355.0,30761900
2023-02-16,969.5432739257812,1330.0,1360.0,1325.0,1360.0,28919800
2023-02-17,962.2534790039062,1320.0,1330.0,1300.0,1330.0,28153400
2023-02-20,954.9636840820312,1310.0,1325.0,1305.0,1320.0,14588000
2023-02-21,962.2534790039062,1320.0,1335.0,1305.0,1310.0,26283800
2023-02-22,958.6084594726562,1315.0,1330.0,1310.0,1320.0,21556100
2023-02-23,980.4779663085938,1345.0,1365.0,1315.0,1315.0,34061000
2023-02-24,1020.5719604492188,1400.0,1410.0,1345.0,1350.0,69629300
2023-02-27,1009.6370239257812,1385.0,1400.0,1375.0,1400.0,41927200
2023-02-28,1009.6370239257812,1385.0,1420.0,1360.0,1385.0,58681900
2023-03-01,1024.216796875,1405.0,1420.0,1385.0,1390.0,31898300
2023-03-02,1053.3758544921875,1445.0,1450.0,1410.0,1410.0,44659900
2023-03-03,1035.1514892578125,1420.0,1470.0,1415.0,1450.0,33605600
2023-03-06,1013.2818603515625,1390.0,1435.0,1385.0,1430.0,23465900
2023-03-07,1024.216796875,1405.0,1420.0,1385.0,1385.0,27313200
2023-03-08,1013.2818603515625,1390.0,1420.0,1385.0,1405.0,23793000
2023-03-09,1024.216796875,1405.0,1415.0,1375.0,1390.0,30346000
2023-03-10,1009.6370239257812,1385.0,1400.0,1355.0,1400.0,37567500
2023-03-13,1013.2818603515625,1390.0,1395.0,1375.0,1385.0,28338600
2023-03-14,1016.9269409179688,1395.0,1400.0,1355.0,1390.0,28046700
2023-03-15,1020.5719604492188,1400.0,1410.0,1380.0,1385.0,26959800
2023-03-16,987.767578125,1355.0,1400.0,1315.0,1395.0,51693300
2023-03-17,1009.6370239257812,1385.0,1390.0,1340.0,1355.0,39032200
2023-03-20,1024.216796875,1405.0,1410.0,1380.0,1380.0,22351600
2023-03-21,1038.79638671875,1425.0,1430.0,1405.0,1410.0,22785000
2023-03-24,1122.62890625,1540.0,1615.0,1440.0,1445.0,138524800
2023-03-27,1122.62890625,1540.0,1540.0,1505.0,1540.0,48275400
2023-03-28,1122.62890625,1540.0,1575.0,1525.0,1540.0,40584100
2023-03-29,1177.3026123046875,1615.0,1650.0,1535.0,1540.0,54257500
2023-03-30,1148.143310546875,1575.0,1625.0,1545.0,1625.0,43438300
2023-03-31,1129.9188232421875,1550.0,1590.0,1550.0,1580.0,42636500
2023-04-03,1133.563720703125,1555.0,1590.0,1540.0,1565.0,37296800
2023-04-04,1140.8533935546875,1565.0,1570.0,1545.0,1565.0,42708100
2023-04-05,1129.9188232421875,1550.0,1580.0,1545.0,1565.0,43617900
2023-04-06,1148.143310546875,1575.0,1595.0,1550.0,1550.0,31004700
2023-04-10,1151.7880859375,1580.0,1585.0,1565.0,1575.0,28125500
2023-04-11,1162.7227783203125,1595.0,1595.0,1570.0,1580.0,24408600
2023-04-12,1151.7880859375,1580.0,1625.0,1580.0,1595.0,29836900
2023-04-13,1148.143310546875,1575.0,1605.0,1575.0,1580.0,23857500
2023-04-14,1162.7227783203125,1595.0,1610.0,1580.0,1585.0,34557600
2023-04-17,1155.43310546875,1585.0,1635.0,1560.0,1580.0,43281700
2023-04-18,1177.3026123046875,1615.0,1630.0,1585.0,1585.0,49444200
2023-04-26,1184.5924072265625,1625.0,1625.0,1565.0,1615.0,68489500
2023-04-27,1177.3026123046875,1615.0,1670.0,1610.0,1625.0,54559200
2023-04-28,1180.947265625,1620.0,1655.0,1615.0,1620.0,37151600
2023-05-02,1170.0128173828125,1605.0,1625.0,1600.0,1620.0,25618400
2023-05-03,1140.8533935546875,1565.0,1605.0,1515.0,1605.0,57239200
2023-05-04,1129.9188232421875,1550.0,1575.0,1535.0,1565.0,45915600
2023-05-05,1097.11474609375,1505.0,1550.0,1495.0,1550.0,40331400
2023-05-08,1097.11474609375,1505.0,1515.0,1475.0,1510.0,39020300
2023-05-09,1097.11474609375,1505.0,1515.0,1475.0,1505.0,47166700
2023-05-10,1055.6431884765625,1400.0,1485.0,1400.0,1485.0,84230300
2023-05-11,1044.3323974609375,1385.0,1420.0,1360.0,1400.0,81317300
2023-05-12,1033.0220947265625,1370.0,1400.0,1340.0,1395.0,44796800
2023-05-15,1040.5623779296875,1380.0,1395.0,1335.0,1370.0,53606900
2023-05-16,980.2399291992188,1300.0,1390.0,1295.0,1385.0,79421300
2023-05-17,999.0907592773438,1325.0,1330.0,1280.0,1300.0,51236000
2023-05-19,1014.1712646484375,1345.0,1355.0,1310.0,1330.0,60448200
2023-05-22,1021.7116088867188,1355.0,1365.0,1340.0,1350.0,45372700
2023-05-23,1029.2518310546875,1365.0,1370.0,1345.0,1360.0,32691600
2023-05-24,1029.2518310546875,1365.0,1370.0,1350.0,1365.0,0
2023-05-25,1029.2518310546875,1365.0,1385.0,1360.0,1365.0,40981300
2023-05-26,1029.2518310546875,1365.0,1385.0,1360.0,1360.0,34875200
2023-05-29,1036.792236328125,1375.0,1385.0,1365.0,1365.0,23981600
2023-05-30,1051.873046875,1395.0,1400.0,1375.0,1380.0,29283400
2023-05-31,1029.2518310546875,1365.0,1405.0,1365.0,1400.0,69762800
2023-06-05,1025.48193359375,1360.0,1395.0,1350.0,1380.0,40429900
2023-06-06,1059.413330078125,1405.0,1410.0,1350.0,1350.0,41126300
2023-06-07,1066.95361328125,1415.0,1440.0,1405.0,1415.0,72420800
2023-06-08,1048.1026611328125,1390.0,1425.0,1380.0,1415.0,33983800
2023-06-09,1059.413330078125,1405.0,1410.0,1380.0,1390.0,27343100
2023-06-12,1085.8043212890625,1440.0,1450.0,1405.0,1410.0,48498100
2023-06-13,1074.493896484375,1425.0,1450.0,1415.0,1450.0,26702900
2023-06-14,1108.4251708984375,1470.0,1485.0,1425.0,1430.0,46565100
2023-06-15,1104.655029296875,1465.0,1490.0,1460.0,1475.0,25794000
2023-06-16,1093.344482421875,1450.0,1495.0,1450.0,1465.0,30024500
2023-06-19,1089.5743408203125,1445.0,1450.0,1425.0,1450.0,25292500
2023-06-20,1134.8162841796875,1505.0,1535.0,1455.0,1455.0,91565500
2023-06-21,1131.0462646484375,1500.0,1515.0,1480.0,1505.0,37429200
2023-06-22,1142.3565673828125,1515.0,1530.0,1495.0,1500.0,41557200
2023-06-23,1127.27587890625,1495.0,1525.0,1490.0,1500.0,39830800
2023-06-26,1123.5057373046875,1490.0,1510.0,1470.0,1505.0,30438700
2023-06-27,1070.7236328125,1420.0,1500.0,1395.0,1490.0,75942600
2023-07-03,1059.413330078125,1405.0,1420.0,1365.0,1420.0,57722100
2023-07-04,1055.6431884765625,1400.0,1420.0,1400.0,1405.0,17572400
2023-07-05,1055.6431884765625,1400.0,1415.0,1385.0,1400.0,42293400
2023-07-06,1082.0341796875,1435.0,1440.0,1405.0,1410.0,23647700
2023-07-07,1093.344482421875,1450.0,1460.0,1435.0,1445.0,19490100
2023-07-10,1093.344482421875,1450.0,1470.0,1445.0,1455.0,18010100
2023-07-11,1108.4251708984375,1470.0,1480.0,1450.0,1460.0,20738700
2023-07-12,1093.344482421875,1450.0,1485.0,1445.0,1475.0,24522800
2023-07-13,1097.11474609375,1455.0,1470.0,1445.0,1455.0,27229500
2023-07-14,1066.95361328125,1415.0,1460.0,1410.0,1455.0,35578800
2023-07-17,1063.183349609375,1410.0,1430.0,1410.0,1425.0,12080300
2023-07-18,1048.1026611328125,1390.0,1420.0,1385.0,1410.0,21527800
2023-07-20,1048.1026611328125,1390.0,1405.0,1385.0,1395.0,18576100
2023-07-21,1036.792236328125,1375.0,1400.0,1365.0,1395.0,22961200
2023-07-24,1029.2518310546875,1365.0,1385.0,1355.0,1375.0,30930300
2023-07-25,1036.792236328125,1375.0,1400.0,1370.0,1375.0,36543200
2023-07-26,1059.413330078125,1405.0,1420.0,1380.0,1395.0,61792600
2023-07-27,1078.2640380859375,1430.0,1445.0,1415.0,1415.0,70343600
2023-07-28,1055.6431884765625,1400.0,1435.0,1390.0,1430.0,53228600
2023-07-31,1044.3323974609375,1385.0,1400.0,1340.0,1400.0,109935100
2023-08-01,976.4699096679688,1295.0,1380.0,1295.0,1380.0,108698000
2023-08-02,1002.8609619140625,1330.0,1335.0,1295.0,1300.0,69258800
2023-08-03,1002.8609619140625,1330.0,1345.0,1325.0,1330.0,73360700
2023-08-04,1030.2828369140625,1315.0,1325.0,1285.0,1300.0,62885800
2023-08-07,1018.5305786132812,1300.0,1325.0,1295.0,1320.0,28619800
2023-08-08,1002.86083984375,1280.0,1310.0,1275.0,1300.0,56331700
2023-08-09,998.9434204101562,1275.0,1280.0,1255.0,1280.0,53615100
2023-08-10,1006.7781982421875,1285.0,1300.0,1275.0,1275.0,37788900
2023-08-11,987.1912841796875,1260.0,1290.0,1260.0,1285.0,33624800
2023-08-14,1006.7781982421875,1285.0,1290.0,1255.0,1260.0,38783700
2023-08-15,1022.4480590820312,1305.0,1315.0,1270.0,1290.0,42864800
2023-08-16,1026.365478515625,1310.0,1315.0,1295.0,1310.0,10797500
2023-08-18,1018.5305786132812,1300.0,1315.0,1285.0,1310.0,17056300
2023-08-21,1010.6957397460938,1290.0,1310.0,1280.0,1300.0,16886400
2023-08-22,1030.2828369140625,1315.0,1330.0,1280.0,1280.0,38212400
2023-08-23,1030.2828369140625,1315.0,1325.0,1310.0,1320.0,22452000
2023-08-24,1034.2003173828125,1320.0,1330.0,1315.0,1315.0,33301100
2023-08-25,1030.2828369140625,1315.0,1325.0,1300.0,1325.0,21826500
2023-08-28,1038.11767578125,1325.0,1330.0,1315.0,1325.0,27767300
2023-08-29,1061.6221923828125,1355.0,1360.0,1305.0,1325.0,43057400
2023-08-30,1089.0440673828125,1390.0,1400.0,1360.0,1365.0,64146800
2023-08-31,1096.8792724609375,1400.0,1415.0,1375.0,1395.0,57617300
2023-09-01,1171.3101806640625,1495.0,1495.0,1405.0,1410.0,119685200
2023-09-04,1198.7320556640625,1530.0,1555.0,1480.0,1505.0,75683600
2023-09-05,1147.8055419921875,1465.0,1535.0,1455.0,1530.0,73571900
2023-09-06,1171.3101806640625,1495.0,1535.0,1470.0,1470.0,90661800
2023-09-07,1155.640380859375,1475.0,1515.0,1475.0,1500.0,35367900
2023-09-08,1132.1358642578125,1445.0,1475.0,1425.0,1475.0,52029400
2023-09-11,1143.88818359375,1460.0,1470.0,1430.0,1445.0,30106700
2023-09-12,1128.218505859375,1440.0,1475.0,1440.0,1460.0,41382500
2023-09-13,1155.640380859375,1475.0,1485.0,1445.0,1450.0,50875000
2023-09-14,1151.7230224609375,1470.0,1495.0,1465.0,1475.0,35708000
2023-09-15,1163.475341796875,1485.0,1500.0,1475.0,1490.0,22157800
2023-09-18,1155.640380859375,1475.0,1525.0,1475.0,1490.0,34227500
2023-09-19,1155.640380859375,1475.0,1490.0,1465.0,1490.0,25577100
2023-09-20,1143.88818359375,1460.0,1495.0,1460.0,1475.0,20318800
2023-09-21,1136.0533447265625,1450.0,1465.0,1440.0,1460.0,19940600
2023-09-22,1155.640380859375,1475.0,1485.0,1450.0,1455.0,12754400
2023-09-25,1143.88818359375,1460.0,1490.0,1455.0,1485.0,9397500
2023-09-26,1143.88818359375,1460.0,1470.0,1450.0,1465.0,17872100
2023-09-27,1190.8973388671875,1520.0,1525.0,1460.0,1465.0,49922200
2023-09-29,1210.484375,1545.0,1560.0,1525.0,1550.0,46666800
2023-10-02,1186.9798583984375,1515.0,1550.0,1510.0,1545.0,27063700
2023-10-03,1120.3836669921875,1430.0,1500.0,1425.0,1500.0,67065300
2023-10-04,1104.7138671875,1410.0,1435.0,1400.0,1430.0,33221000
2023-10-05,1100.7965087890625,1405.0,1415.0,1360.0,1400.0,37200200
2023-10-06,1112.548828125,1420.0,1420.0,1395.0,1405.0,24624700
2023-10-09,1167.392578125,1490.0,1495.0,1450.0,1475.0,68316600
2023-10-10,1143.88818359375,1460.0,1510.0,1455.0,1500.0,28074200
2023-10-11,1139.970703125,1455.0,1475.0,1440.0,1460.0,54585900
2023-10-12,1132.1358642578125,1445.0,1465.0,1435.0,1455.0,11776300
2023-10-13,1143.88818359375,1460.0,1475.0,1450.0,1455.0,12721200
2023-10-16,1132.1358642578125,1445.0,1490.0,1440.0,1485.0,20918300
2023-10-17,1128.218505859375,1440.0,1455.0,1425.0,1450.0,31657200
2023-10-18,1128.218505859375,1440.0,1455.0,1430.0,1440.0,48787100
2023-10-19,1128.218505859375,1440.0,1480.0,1430.0,1440.0,44708700
2023-10-20,1139.970703125,1455.0,1465.0,1435.0,1450.0,19153300
2023-10-23,1136.0533447265625,1450.0,1460.0,1430.0,1455.0,17338100
2023-10-24,1143.88818359375,1460.0,1475.0,1400.0,1450.0,34390900
2023-10-25,1128.218505859375,1440.0,1465.0,1425.0,1450.0,58138300
2023-10-26,1124.3011474609375,1435.0,1455.0,1415.0,1445.0,57202300
2023-10-27,1128.218505859375,1440.0,1460.0,1420.0,1435.0,27582200
2023-10-30,1136.0533447265625,1450.0,1470.0,1445.0,1450.0,23490000
2023-10-31,1167.392578125,1490.0,1495.0,1445.0,1460.0,33516800
2023-11-01,1179.1448974609375,1505.0,1515.0,1475.0,1490.0,30492600
2023-11-02,1155.640380859375,1475.0,1540.0,1475.0,1505.0,27258800
2023-11-03,1196.189208984375,1475.0,1500.0,1450.0,1465.0,25459300
2023-11-06,1220.5184326171875,1505.0,1515.0,1480.0,1500.0,17383400
2023-11-07,1208.353759765625,1490.0,1515.0,1485.0,1505.0,10785400
2023-11-08,1196.189208984375,1475.0,1500.0,1460.0,1490.0,13830900
2023-11-09,1196.189208984375,1475.0,1495.0,1465.0,1475.0,5519600
2023-11-10,1163.750244140625,1435.0,1475.0,1435.0,1475.0,17471800
2023-11-13,1179.9697265625,1455.0,1460.0,1440.0,1440.0,5113700
2023-11-14,1179.9697265625,1455.0,1465.0,1450.0,1460.0,4506100
2023-11-15,1188.0794677734375,1465.0,1485.0,1465.0,1465.0,8905800
2023-11-16,1179.9697265625,1455.0,1475.0,1445.0,1465.0,9204200
2023-11-17,1159.6953125,1430.0,1455.0,1425.0,1450.0,16970700
2023-11-20,1184.024658203125,1460.0,1460.0,1435.0,1435.0,8266900
2023-11-21,1179.9697265625,1455.0,1470.0,1435.0,1470.0,13208500
2023-11-22,1184.024658203125,1460.0,1465.0,1445.0,1455.0,2385500
2023-11-23,1175.9149169921875,1450.0,1460.0,1435.0,1460.0,11927300
2023-11-24,1175.9149169921875,1450.0,1460.0,1440.0,1450.0,3571000
2023-11-27,1167.8050537109375,1440.0,1460.0,1440.0,1450.0,2957100
2023-11-28,1159.6953125,1430.0,1450.0,1420.0,1440.0,14789400
2023-11-29,1171.85986328125,1445.0,1460.0,1435.0,1435.0,15331500
2023-11-30,1163.750244140625,1435.0,1450.0,1430.0,1440.0,22778300
2023-12-01,1163.750244140625,1435.0,1450.0,1430.0,1435.0,11839500
2023-12-04,1139.4210205078125,1405.0,1435.0,1385.0,1430.0,39952300
2023-12-05,1139.4210205078125,1405.0,1405.0,1380.0,1405.0,17370700
2023-12-06,1135.3662109375,1400.0,1410.0,1380.0,1410.0,25699400
2023-12-07,1082.652587890625,1335.0,1395.0,1330.0,1395.0,52791100
2023-12-08,1131.311279296875,1395.0,1405.0,1340.0,1340.0,46031900
2023-12-11,1135.3662109375,1400.0,1415.0,1380.0,1400.0,20048500
2023-12-12,1135.3662109375,1400.0,1425.0,1400.0,1400.0,16966300
2023-12-13,1135.3662109375,1400.0,1415.0,1385.0,1415.0,7185000
2023-12-14,1175.9149169921875,1450.0,1460.0,1395.0,1405.0,37996700
2023-12-15,1188.0794677734375,1465.0,1465.0,1440.0,1460.0,11478200
2023-12-18,1167.8050537109375,1440.0,1475.0,1435.0,1465.0,13052600
2023-12-19,1175.9149169921875,1450.0,1465.0,1445.0,1460.0,14757900
2023-12-20,1175.9149169921875,1450.0,1470.0,1435.0,1455.0,4958300
2023-12-21,1163.750244140625,1435.0,1450.0,1415.0,1450.0,10587200
2023-12-22,1175.9149169921875,1450.0,1450.0,1425.0,1435.0,8475500
2023-12-27,1171.85986328125,1445.0,1455.0,1415.0,1450.0,21903200
2023-12-28,1171.85986328125,1445.0,1455.0,1425.0,1445.0,12812800
2023-12-29,1196.189208984375,1475.0,1490.0,1435.0,1450.0,34881900
2024-01-02,1216.463623046875,1500.0,1500.0,1475.0,1480.0,19729600
2024-01-03,1228.6282958984375,1515.0,1525.0,1485.0,1500.0,25552200
2024-01-04,1281.341796875,1580.0,1615.0,1500.0,1515.0,61082800
2024-01-05,1269.177001953125,1565.0,1585.0,1555.0,1580.0,22261800
2024-01-08,1257.012451171875,1550.0,1585.0,1540.0,1570.0,30316100
2024-01-09,1257.012451171875,1550.0,1555.0,1525.0,1550.0,20394800
2024-01-10,1269.177001953125,1565.0,1575.0,1540.0,1565.0,19032600
2024-01-11,1252.95751953125,1545.0,1560.0,1540.0,1560.0,11108300
2024-01-12,1265.1221923828125,1560.0,1570.0,1550.0,1555.0,14347100
2024-01-15,1269.177001953125,1565.0,1580.0,1560.0,1560.0,15360800
2024-01-16,1281.341796875,1580.0,1645.0,1560.0,1570.0,47221300
2024-01-17,1305.6708984375,1610.0,1640.0,1595.0,1600.0,49950600
2024-01-18,1305.6708984375,1610.0,1620.0,1580.0,1600.0,20247200
2024-01-19,1317.8355712890625,1625.0,1640.0,1595.0,1600.0,24248800
2024-01-22,1325.9454345703125,1635.0,1665.0,1620.0,1625.0,44882500
2024-01-23,1338.1099853515625,1650.0,1670.0,1630.0,1645.0,33771800
2024-01-24,1338.1099853515625,1650.0,1665.0,1635.0,1665.0,11708900
2024-01-25,1338.1099853515625,1650.0,1660.0,1620.0,1650.0,20692400
2024-01-26,1362.4390869140625,1680.0,1695.0,1665.0,1665.0,30956100
2024-01-29,1325.9454345703125,1635.0,1690.0,1625.0,1690.0,40945300
2024-01-30,1325.9454345703125,1635.0,1650.0,1605.0,1635.0,24423800
2024-01-31,1313.7806396484375,1620.0,1650.0,1610.0,1635.0,32066600
2024-02-01,1305.6708984375,1610.0,1630.0,1580.0,1605.0,41115500
2024-02-02,1289.451416015625,1590.0,1625.0,1590.0,1620.0,31878300
2024-02-05,1301.6162109375,1605.0,1615.0,1585.0,1600.0,24985800
2024-02-06,1321.890380859375,1630.0,1645.0,1605.0,1620.0,20643800
2024-02-07,1313.7806396484375,1620.0,1640.0,1610.0,1630.0,9645800
2024-02-12,1321.890380859375,1630.0,1650.0,1620.0,1630.0,14098600
2024-02-13,1325.9454345703125,1635.0,1640.0,1605.0,1630.0,18305200
2024-02-15,1330.000244140625,1640.0,1650.0,1620.0,1625.0,42268900
2024-02-16,1317.8355712890625,1625.0,1645.0,1600.0,1640.0,30025900
2024-02-19,1313.7806396484375,1620.0,1630.0,1605.0,1625.0,14713800
2024-02-20,1309.725830078125,1615.0,1630.0,1610.0,1620.0,15396400
2024-02-21,1313.7806396484375,1620.0,1625.0,1610.0,1625.0,15710900
2024-02-22,1321.890380859375,1630.0,1635.0,1610.0,1620.0,17176000
2024-02-23,1321.890380859375,1630.0,1630.0,1610.0,1630.0,12938100
2024-02-26,1313.7806396484375,1620.0,1630.0,1605.0,1630.0,15874800
2024-02-27,1342.1649169921875,1655.0,1670.0,1615.0,1635.0,47246800
2024-02-28,1354.3294677734375,1670.0,1675.0,1655.0,1660.0,28491100
2024-02-29,1378.6588134765625,1700.0,1745.0,1655.0,1675.0,111783100
2024-03-01,1419.20751953125,1750.0,1775.0,1700.0,1700.0,56670000
2024-03-04,1419.20751953125,1750.0,1775.0,1745.0,1760.0,25838900
2024-03-05,1451.6466064453125,1790.0,1795.0,1720.0,1750.0,28450100
2024-03-06,1451.6466064453125,1790.0,1810.0,1770.0,1790.0,41290100
2024-03-07,1447.591552734375,1785.0,1795.0,1750.0,1790.0,17969900
2024-03-08,1419.20751953125,1750.0,1790.0,1750.0,1785.0,17107700
2024-03-13,1419.20751953125,1750.0,1775.0,1750.0,1750.0,25094900
2024-03-14,1419.20751953125,1750.0,1770.0,1735.0,1755.0,28332500
2024-03-15,1419.20751953125,1750.0,1770.0,1745.0,1750.0,33497400
2024-03-18,1423.262451171875,1755.0,1775.0,1750.0,1750.0,29844600
2024-03-19,1447.591552734375,1785.0,1785.0,1760.0,1760.0,29797900
2024-03-20,1455.701416015625,1795.0,1795.0,1780.0,1785.0,7949300
2024-03-21,1439.48193359375,1775.0,1825.0,1760.0,1800.0,36692800
2024-03-22,1378.6588134765625,1700.0,1770.0,1675.0,1770.0,62851300
2024-03-25,1407.04296875,1735.0,1740.0,1700.0,1740.0,31529200
2024-03-26,1398.9332275390625,1725.0,1745.0,1715.0,1745.0,41254600
2024-03-27,1378.6588134765625,1700.0,1725.0,1655.0,1725.0,61247600
2024-03-28,1394.8782958984375,1720.0,1720.0,1690.0,1705.0,20960500
2024-04-01,1386.7686767578125,1710.0,1710.0,1690.0,1700.0,20971800
2024-04-02,1451.6466064453125,1790.0,1790.0,1715.0,1715.0,46450500
2024-04-03,1439.48193359375,1775.0,1805.0,1765.0,1790.0,21815700
2024-04-04,1435.4271240234375,1770.0,1785.0,1755.0,1785.0,18901900
2024-04-05,1407.04296875,1735.0,1770.0,1725.0,1770.0,16681800
2024-04-16,1471.9208984375,1815.0,1865.0,1740.0,1745.0,70263600
2024-04-17,1455.701416015625,1795.0,1845.0,1760.0,1820.0,33121500
2024-04-18,1500.30517578125,1850.0,1860.0,1765.0,1780.0,74643800
2024-04-19,1496.2503662109375,1845.0,1860.0,1830.0,1855.0,30275300
2024-04-22,1455.701416015625,1795.0,1850.0,1770.0,1850.0,28934700
2024-04-23,1459.7562255859375,1800.0,1825.0,1780.0,1800.0,19344700
2024-04-24,1451.6466064453125,1790.0,1810.0,1785.0,1805.0,9951800
2024-04-25,1407.04296875,1735.0,1785.0,1700.0,1785.0,29677200
2024-04-26,1297.561279296875,1600.0,1730.0,1570.0,1730.0,51436000
2024-04-29,1338.1099853515625,1650.0,1655.0,1580.0,1630.0,49231200
2024-04-30,1358.38427734375,1675.0,1700.0,1645.0,1650.0,39874500
2024-05-02,1338.1099853515625,1650.0,1675.0,1625.0,1675.0,31920000
2024-05-03,1338.1099853515625,1650.0,1665.0,1635.0,1650.0,25719900
2024-05-06,1362.4390869140625,1680.0,1695.0,1650.0,1675.0,25738900
2024-05-07,1346.2196044921875,1660.0,1685.0,1640.0,1685.0,42058600
2024-05-08,1346.2196044921875,1660.0,1670.0,1630.0,1660.0,24326100
2024-05-13,1379.6661376953125,1650.0,1660.0,1610.0,1625.0,29132900
2024-05-14,1367.1239013671875,1635.0,1650.0,1615.0,1645.0,37598100
2024-05-15,1358.76220703125,1625.0,1635.0,1600.0,1635.0,29325100
2024-05-16,1321.1348876953125,1580.0,1625.0,1570.0,1625.0,38036500
2024-05-17,1321.1348876953125,1580.0,1580.0,1545.0,1580.0,45137600
2024-05-20,1346.2197265625,1610.0,1610.0,1585.0,1585.0,20667200
2024-05-21,1312.7734375,1570.0,1615.0,1565.0,1615.0,25675100
2024-05-22,1333.67724609375,1595.0,1600.0,1565.0,1575.0,21673100
2024-05-27,1321.1348876953125,1580.0,1590.0,1565.0,1590.0,11663200
2024-05-28,1321.1348876953125,1580.0,1585.0,1560.0,1580.0,33149900
2024-05-29,1379.6661376953125,1650.0,1670.0,1580.0,1585.0,38063800
2024-05-30,1358.76220703125,1625.0,1675.0,1615.0,1650.0,24260800
2024-05-31,1337.858154296875,1600.0,1630.0,1595.0,1625.0,52085700
2024-06-03,1342.0390625,1605.0,1615.0,1585.0,1600.0,38926500
2024-06-04,1337.858154296875,1600.0,1615.0,1580.0,1605.0,26482200
2024-06-05,1312.7734375,1570.0,1595.0,1565.0,1595.0,10587000
2024-06-06,1329.4964599609375,1590.0,1590.0,1570.0,1590.0,4920800
2024-06-07,1337.858154296875,1600.0,1605.0,1575.0,1590.0,5301400
2024-06-10,1354.5814208984375,1620.0,1640.0,1600.0,1600.0,14436500
2024-06-11,1342.0390625,1605.0,1640.0,1595.0,1630.0,13570300
2024-06-12,1329.4964599609375,1590.0,1625.0,1570.0,1625.0,33004100
2024-06-13,1329.4964599609375,1590.0,1595.0,1575.0,1590.0,8741800
2024-06-14,1312.7734375,1570.0,1595.0,1565.0,1585.0,34268800
2024-06-19,1321.1348876953125,1580.0,1590.0,1565.0,1570.0,13150600
2024-06-20,1308.592529296875,1565.0,1585.0,1530.0,1580.0,18016700
2024-06-21,1321.1348876953125,1580.0,1580.0,1560.0,1565.0,10842900
2024-06-24,1362.9429931640625,1630.0,1640.0,1565.0,1580.0,30591000
2024-06-25,1367.1239013671875,1635.0,1635.0,1610.0,1635.0,9270000
2024-06-26,1371.3045654296875,1640.0,1650.0,1620.0,1635.0,13892700
2024-06-27,1375.4853515625,1645.0,1650.0,1630.0,1640.0,14086000
2024-06-28,1354.5814208984375,1620.0,1685.0,1620.0,1650.0,54713000
2024-07-01,1337.858154296875,1600.0,1620.0,1580.0,1620.0,39977300
2024-07-02,1333.67724609375,1595.0,1610.0,1585.0,1605.0,22875200
2024-07-03,1329.4964599609375,1590.0,1605.0,1570.0,1600.0,24992500
2024-07-04,1321.1348876953125,1580.0,1600.0,1570.0,1595.0,29464100
2024-07-05,1308.592529296875,1565.0,1580.0,1550.0,1580.0,42352900
2024-07-08,1266.784423828125,1515.0,1565.0,1480.0,1565.0,116960300
2024-07-09,1254.2420654296875,1500.0,1520.0,1490.0,1515.0,70559200
2024-07-10,1262.6036376953125,1510.0,1520.0,1500.0,1500.0,47426100
2024-07-11,1258.4228515625,1505.0,1520.0,1505.0,1515.0,39265500
2024-07-12,1254.2420654296875,1500.0,1520.0,1485.0,1505.0,53464000
2024-07-15,1258.4228515625,1505.0,1505.0,1470.0,1500.0,35246200
2024-07-16,1258.4228515625,1505.0,1530.0,1495.0,1510.0,40727000
2024-07-17,1258.4228515625,1505.0,1510.0,1500.0,1510.0,9934200
2024-07-18,1270.9652099609375,1520.0,1525.0,1505.0,1510.0,24084000
2024-07-19,1266.784423828125,1515.0,1525.0,1505.0,1520.0,23974400
2024-07-22,1262.6036376953125,1510.0,1520.0,1505.0,1515.0,22977900
2024-07-23,1258.4228515625,1505.0,1515.0,1500.0,1510.0,14435800
2024-07-24,1258.4228515625,1505.0,1510.0,1500.0,1505.0,17161700
2024-07-25,1262.6036376953125,1510.0,1520.0,1500.0,1505.0,30671700
2024-07-26,1300.23095703125,1555.0,1555.0,1505.0,1515.0,56522600
2024-07-29,1279.3267822265625,1530.0,1565.0,1515.0,1560.0,71126900
2024-07-30,1275.14599609375,1525.0,1525.0,1505.0,1520.0,46147900
2024-07-31,1266.784423828125,1515.0,1525.0,1510.0,1525.0,44530100
2024-08-01,1270.9652099609375,1520.0,1525.0,1505.0,1520.0,43081000
2024-08-02,1275.14599609375,1525.0,1535.0,1510.0,1520.0,44466400
2024-08-05,1214.6307373046875,1405.0,1485.0,1390.0,1480.0,76682000
2024-08-06,1214.6307373046875,1405.0,1425.0,1395.0,1420.0,36130900
2024-08-07,1244.888427734375,1440.0,1445.0,1410.0,1410.0,36483600
2024-08-08,1227.5982666015625,1420.0,1435.0,1415.0,1435.0,14812500
2024-08-09,1253.5335693359375,1450.0,1465.0,1425.0,1425.0,25551400
2024-08-12,1283.791015625,1485.0,1495.0,1450.0,1460.0,20080600
2024-08-13,1283.791015625,1485.0,1495.0,1465.0,1485.0,19820000
2024-08-14,1331.3389892578125,1540.0,1540.0,1490.0,1490.0,43755500
2024-08-15,1314.048828125,1520.0,1545.0,1515.0,1540.0,14553000
2024-08-16,1309.726318359375,1515.0,1530.0,1510.0,1530.0,9495000
2024-08-19,1301.0811767578125,1505.0,1520.0,1490.0,1520.0,14164300
2024-08-20,1305.4039306640625,1510.0,1510.0,1490.0,1505.0,29192200
2024-08-21,1296.7587890625,1500.0,1510.0,1485.0,1510.0,31377200
2024-08-22,1262.178466796875,1460.0,1500.0,1460.0,1485.0,23827500
2024-08-23,1253.5335693359375,1450.0,1485.0,1445.0,1465.0,25527400
2024-08-26,1270.823486328125,1470.0,1470.0,1450.0,1455.0,11643900
2024-08-27,1283.791015625,1485.0,1485.0,1470.0,1470.0,16105800
2024-08-28,1301.0811767578125,1505.0,1510.0,1480.0,1490.0,14552500
2024-08-29,1279.4686279296875,1480.0,1515.0,1465.0,1515.0,17757000
2024-08-30,1292.4361572265625,1495.0,1500.0,1475.0,1485.0,14752800
2024-09-02,1292.4361572265625,1495.0,1500.0,1475.0,1495.0,12960800
2024-09-03,1275.14599609375,1475.0,1495.0,1455.0,1495.0,23480400
2024-09-04,1240.5657958984375,1435.0,1455.0,1410.0,1450.0,69195400
2024-09-05,1240.5657958984375,1435.0,1435.0,1415.0,1435.0,28611500
2024-09-06,1227.5982666015625,1420.0,1435.0,1420.0,1430.0,25575900
2024-09-09,1218.953125,1410.0,1425.0,1400.0,1420.0,37903200
2024-09-10,1240.5657958984375,1435.0,1450.0,1415.0,1415.0,28906400
2024-09-11,1236.2432861328125,1430.0,1455.0,1425.0,1435.0,30513300
2024-09-12,1270.823486328125,1470.0,1480.0,1440.0,1445.0,31056100
2024-09-13,1270.823486328125,1470.0,1485.0,1455.0,1480.0,25941500
2024-09-17,1279.4686279296875,1480.0,1490.0,1445.0,1470.0,21005700
2024-09-18,1266.5009765625,1465.0,1490.0,1465.0,1490.0,16032600
2024-09-19,1270.823486328125,1470.0,1475.0,1460.0,1465.0,13725400
2024-09-20,1292.4361572265625,1495.0,1495.0,1455.0,1465.0,25744400
2024-09-23,1314.048828125,1520.0,1525.0,1485.0,1495.0,36891300
2024-09-24,1348.629150390625,1560.0,1570.0,1520.0,1520.0,73483600
2024-09-25,1322.6939697265625,1530.0,1570.0,1530.0,1565.0,25501400
2024-09-26,1318.3714599609375,1525.0,1535.0,1505.0,1520.0,17326300
2024-09-27,1339.9840087890625,1550.0,1560.0,1525.0,1530.0,21847000
2024-09-30,1339.9840087890625,1550.0,1560.0,1535.0,1550.0,41433100
2024-10-01,1339.9840087890625,1550.0,1560.0,1535.0,1550.0,18501400
2024-10-02,1365.9190673828125,1580.0,1590.0,1565.0,1570.0,51032700
2024-10-03,1378.88671875,1595.0,1605.0,1580.0,1585.0,30228600
2024-10-04,1396.1768798828125,1615.0,1625.0,1600.0,1605.0,38957200
2024-10-07,1396.1768798828125,1615.0,1650.0,1605.0,1620.0,39757900
2024-10-08,1335.6614990234375,1545.0,1635.0,1530.0,1625.0,47830700
2024-10-09,1318.3714599609375,1525.0,1560.0,1510.0,1545.0,13382500
2024-10-10,1335.6614990234375,1545.0,1545.0,1520.0,1525.0,24932700
2024-10-11,1331.3389892578125,1540.0,1555.0,1525.0,1555.0,26540700
2024-10-14,1327.0164794921875,1535.0,1550.0,1535.0,1540.0,16921100
2024-10-15,1262.178466796875,1460.0,1535.0,1460.0,1535.0,76281500
2024-10-16,1296.7587890625,1500.0,1500.0,1440.0,1460.0,87830300
2024-10-17,1288.1136474609375,1490.0,1500.0,1470.0,1490.0,33232900
2024-10-18,1249.2108154296875,1445.0,1495.0,1445.0,1490.0,32732500
2024-10-21,1249.2108154296875,1445.0,1460.0,1440.0,1445.0,18463700
2024-10-22,1253.5335693359375,1450.0,1460.0,1445.0,1455.0,11212400
2024-10-23,1244.888427734375,1440.0,1455.0,1435.0,1450.0,20374000
2024-10-24,1227.5982666015625,1420.0,1445.0,1415.0,1440.0,25511300
2024-10-25,1218.953125,1410.0,1425.0,1405.0,1420.0,16167000
2024-10-28,1175.7279052734375,1360.0,1400.0,1360.0,1400.0,30299600
2024-10-29,1167.0828857421875,1350.0,1370.0,1325.0,1360.0,39414800
2024-10-30,1205.985595703125,1395.0,1405.0,1345.0,1350.0,28664900
2024-10-31,1167.0828857421875,1350.0,1400.0,1350.0,1395.0,20612300
2024-11-01,1167.0828857421875,1350.0,1390.0,1335.0,1360.0,11986500
2024-11-04,1123.8575439453125,1300.0,1355.0,1295.0,1350.0,28039500
2024-11-05,1175.7279052734375,1360.0,1375.0,1300.0,1300.0,18635900
2024-11-06,1158.437744140625,1340.0,1370.0,1325.0,1370.0,10084500
2024-11-07,1132.5025634765625,1310.0,1340.0,1300.0,1340.0,22193100
2024-11-08,1188.695556640625,1375.0,1395.0,1300.0,1310.0,18680300
2024-11-11,1193.0179443359375,1380.0,1380.0,1320.0,1380.0,11115600
2024-11-12,1167.0828857421875,1350.0,1370.0,1335.0,1370.0,10596000
2024-11-13,1184.372802734375,1370.0,1385.0,1350.0,1350.0,12322900
2024-11-14,1167.0828857421875,1350.0,1370.0,1340.0,1370.0,4379000
2024-11-15,1123.8575439453125,1300.0,1350.0,1295.0,1350.0,23204000
2024-11-18,1158.437744140625,1340.0,1345.0,1295.0,1300.0,6406100
2024-11-19,1132.5025634765625,1310.0,1355.0,1305.0,1340.0,8415600
2024-11-20,1149.792724609375,1330.0,1340.0,1310.0,1315.0,4283100
2024-11-21,1128.1800537109375,1305.0,1350.0,1300.0,1340.0,11152300
2024-11-22,1128.1800537109375,1305.0,1315.0,1295.0,1305.0,8139900
2024-11-25,1093.599853515625,1265.0,1325.0,1265.0,1305.0,31557000
2024-11-26,1063.3421630859375,1230.0,1270.0,1225.0,1265.0,20033500
2024-11-28,1059.0196533203125,1225.0,1240.0,1210.0,1230.0,9779700
2024-11-29,1063.3421630859375,1230.0,1240.0,1215.0,1240.0,10050900
2024-12-02,1059.0196533203125,1225.0,1245.0,1215.0,1230.0,6943300
2024-12-03,1059.0196533203125,1225.0,1225.0,1210.0,1225.0,9081300
2024-12-04,1097.92236328125,1270.0,1280.0,1230.0,1230.0,14029000
2024-12-05,1136.8251953125,1315.0,1330.0,1255.0,1270.0,20916400
2024-12-06,1141.1475830078125,1320.0,1325.0,1295.0,1310.0,7469600
2024-12-09,1162.7603759765625,1345.0,1345.0,1310.0,1320.0,11416100
2024-12-10,1171.4053955078125,1355.0,1370.0,1340.0,1345.0,20212300
2024-12-11,1154.115234375,1335.0,1355.0,1330.0,1350.0,8953300
2024-12-12,1154.115234375,1335.0,1355.0,1325.0,1340.0,12145100
2024-12-13,1136.8251953125,1315.0,1340.0,1310.0,1340.0,2378500
2024-12-16,1106.5675048828125,1280.0,1315.0,1275.0,1315.0,9572400
2024-12-17,1059.0196533203125,1225.0,1280.0,1220.0,1280.0,10926800
2024-12-18,1011.4716796875,1170.0,1235.0,1155.0,1225.0,24012100
2024-12-19,968.2465209960938,1120.0,1165.0,1115.0,1165.0,17013800
2024-12-20,985.5366821289062,1140.0,1165.0,1115.0,1120.0,34868800
2024-12-23,976.8915405273438,1130.0,1165.0,1120.0,1130.0,11855900
2024-12-24,968.2465209960938,1120.0,1145.0,1115.0,1140.0,9323900
2024-12-27,968.2465209960938,1120.0,1140.0,1115.0,1120.0,8081800
2024-12-30,968.2465209960938,1120.0,1140.0,1075.0,1135.0,23803000
2025-01-02,998.5042114257812,1155.0,1155.0,1125.0,1135.0,8611700
2025-01-03,972.569091796875,1125.0,1165.0,1125.0,1155.0,10465700
2025-01-06,903.4085083007812,1045.0,1125.0,1045.0,1125.0,31499500
2025-01-07,950.9564819335938,1100.0,1100.0,1030.0,1045.0,25083900
2025-01-08,1011.4716796875,1170.0,1200.0,1075.0,1100.0,27246700
2025-01-09,1015.7943725585938,1175.0,1210.0,1125.0,1170.0,39594900
2025-01-10,1037.406982421875,1200.0,1200.0,1150.0,1195.0,19095000
2025-01-13,1011.4716796875,1170.0,1225.0,1170.0,1200.0,21845100
2025-01-14,1046.052001953125,1210.0,1225.0,1175.0,1175.0,30809000
2025-01-15,1054.6971435546875,1220.0,1225.0,1200.0,1210.0,9454600
2025-01-16,1037.406982421875,1200.0,1230.0,1200.0,1225.0,10048300
2025-01-17,1037.406982421875,1200.0,1215.0,1200.0,1215.0,13736400
2025-01-20,1080.6324462890625,1250.0,1270.0,1200.0,1205.0,15922100
2025-01-21,1076.3096923828125,1245.0,1270.0,1230.0,1255.0,12795900
2025-01-22,1063.3421630859375,1230.0,1250.0,1225.0,1245.0,21429600
2025-01-23,1063.3421630859375,1230.0,1260.0,1230.0,1235.0,14115700
2025-01-24,1028.761962890625,1190.0,1235.0,1180.0,1235.0,8745500
2025-01-30,968.2465209960938,1120.0,1190.0,1105.0,1190.0,22731900
2025-01-31,959.6014404296875,1110.0,1130.0,1085.0,1120.0,15260000
2025-02-03,946.6338500976562,1095.0,1115.0,1075.0,1110.0,17601300
2025-02-04,955.2789306640625,1105.0,1115.0,1090.0,1100.0,19037800
2025-02-05,972.569091796875,1125.0,1155.0,1110.0,1155.0,7284600
2025-02-06,972.569091796875,1125.0,1125.0,1095.0,1120.0,8697200
2025-02-07,976.8915405273438,1130.0,1140.0,1080.0,1125.0,10178800
2025-02-10,955.2789306640625,1105.0,1125.0,1080.0,1125.0,18296800
2025-02-11,955.2789306640625,1105.0,1120.0,1090.0,1105.0,12066800
2025-02-12,955.2789306640625,1105.0,1110.0,1095.0,1105.0,20398900
2025-02-13,955.2789306640625,1105.0,1115.0,1100.0,1110.0,12541000
2025-02-14,959.6014404296875,1110.0,1110.0,1090.0,1105.0,6777300
2025-02-17,963.924072265625,1115.0,1125.0,1100.0,1100.0,8150500
2025-02-18,1037.406982421875,1200.0,1215.0,1115.0,1115.0,34916000
2025-02-19,1041.7294921875,1205.0,1235.0,1190.0,1215.0,19535200
2025-02-20,1067.6646728515625,1235.0,1250.0,1200.0,1210.0,14590200
2025-02-21,1063.3421630859375,1230.0,1240.0,1210.0,1235.0,6012600
2025-02-24,1050.37451171875,1215.0,1235.0,1215.0,1235.0,6739900
2025-02-25,1037.406982421875,1200.0,1225.0,1195.0,1220.0,6982800
2025-02-26,1041.7294921875,1205.0,1220.0,1200.0,1200.0,6508500
2025-02-27,1132.5025634765625,1310.0,1330.0,1220.0,1220.0,106148000
2025-02-28,1071.9873046875,1240.0,1325.0,1240.0,1315.0,68456200
2025-03-03,1067.6646728515625,1235.0,1265.0,1210.0,1250.0,14419900
2025-03-04,1046.052001953125,1210.0,1250.0,1160.0,1245.0,18755400
2025-03-05,1041.7294921875,1205.0,1230.0,1195.0,1210.0,26585700
2025-03-06,1106.5675048828125,1280.0,1295.0,1205.0,1205.0,16652000
2025-03-07,1128.1800537109375,1305.0,1330.0,1285.0,1285.0,19320300
2025-03-10,1115.2125244140625,1290.0,1315.0,1265.0,1300.0,18780900
2025-03-11,1106.5675048828125,1280.0,1305.0,1270.0,1280.0,11118400
2025-03-12,1128.1800537109375,1305.0,1320.0,1285.0,1285.0,14964100
2025-03-13,1015.7943725585938,1175.0,1320.0,1165.0,1320.0,29318000
2025-03-14,985.5366821289062,1140.0,1190.0,1115.0,1185.0,24900600
2025-03-17,972.569091796875,1125.0,1145.0,1110.0,1145.0,10410200
2025-03-18,937.98876953125,1085.0,1145.0,1075.0,1130.0,22122500
2025-03-19,946.6338500976562,1095.0,1125.0,1075.0,1100.0,11023700
2025-03-20,950.9564819335938,1100.0,1135.0,1100.0,1100.0,12106900
2025-03-21,950.9564819335938,1100.0,1130.0,1100.0,1110.0,13009500
2025-03-24,946.6338500976562,1095.0,1110.0,1050.0,1105.0,17113500
2025-03-25,981.2140502929688,1135.0,1240.0,1060.0,1095.0,39599000
2025-03-26,955.2789306640625,1105.0,1155.0,1105.0,1135.0,21919200
2025-03-27,946.6338500976562,1095.0,1120.0,1085.0,1105.0,14647900
2025-04-08,838.5706787109375,970.0,990.0,945.0,980.0,35624800
2025-04-09,778.05517578125,900.0,990.0,890.0,970.0,28171900
2025-04-10,950.9564819335938,1100.0,1125.0,960.0,960.0,54694300
2025-04-11,907.7310791015625,1050.0,1100.0,1035.0,1095.0,44556100
2025-04-14,929.3438110351562,1075.0,1110.0,1050.0,1050.0,42021900
2025-04-15,907.7310791015625,1050.0,1095.0,1050.0,1075.0,38244900
2025-04-16,903.4085083007812,1045.0,1070.0,1035.0,1050.0,43241300
2025-04-17,907.7310791015625,1050.0,1060.0,1035.0,1045.0,29713300
2025-04-21,929.3438110351562,1075.0,1120.0,1050.0,1060.0,20406600
2025-04-22,955.2789306640625,1105.0,1110.0,1075.0,1075.0,8977800
2025-04-23,981.2140502929688,1135.0,1155.0,1115.0,1115.0,25700100
2025-04-24,1033.0843505859375,1195.0,1210.0,1125.0,1135.0,37037500
2025-04-25,1024.4393310546875,1185.0,1215.0,1160.0,1200.0,17807500
2025-04-28,1037.406982421875,1200.0,1225.0,1180.0,1185.0,14284900
2025-04-29,1071.9873046875,1240.0,1250.0,1185.0,1205.0,31709500
2025-04-30,1089.27734375,1260.0,1295.0,1245.0,1245.0,27856200
2025-05-02,1076.3096923828125,1245.0,1275.0,1230.0,1260.0,12944500
2025-05-05,1097.92236328125,1270.0,1300.0,1250.0,1250.0,25617600
2025-05-06,1097.92236328125,1270.0,1280.0,1235.0,1275.0,35014300
2025-05-07,1115.2125244140625,1290.0,1310.0,1265.0,1275.0,51677100
2025-05-08,1115.2125244140625,1240.0,1265.0,1235.0,1250.0,21267800
2025-05-09,1119.7093505859375,1245.0,1280.0,1235.0,1255.0,13151300
2025-05-14,1128.7030029296875,1255.0,1290.0,1245.0,1245.0,12681700
2025-05-15,1124.2061767578125,1250.0,1265.0,1245.0,1265.0,6869900
2025-05-16,1146.6903076171875,1275.0,1285.0,1245.0,1265.0,16234900
2025-05-19,1142.1934814453125,1270.0,1305.0,1265.0,1280.0,29643700
2025-05-20,1142.1934814453125,1270.0,1300.0,1265.0,1270.0,11316900
2025-05-21,1236.6268310546875,1375.0,1375.0,1275.0,1280.0,79062900
2025-05-22,1205.1490478515625,1340.0,1380.0,1245.0,1375.0,44031200
2025-05-23,1169.1744384765625,1300.0,1330.0,1300.0,1315.0,20126500
2025-05-26,1164.6776123046875,1295.0,1315.0,1270.0,1315.0,16582300
2025-05-27,1160.1807861328125,1290.0,1305.0,1285.0,1305.0,9273300
2025-05-28,1146.6903076171875,1275.0,1305.0,1275.0,1300.0,19460200
2025-06-02,1110.7156982421875,1235.0,1280.0,1205.0,1275.0,18308900
2025-06-03,1137.6966552734375,1265.0,1265.0,1215.0,1245.0,22336000
2025-06-04,1110.7156982421875,1235.0,1270.0,1235.0,1265.0,16382100
2025-06-05,1088.2315673828125,1210.0,1235.0,1200.0,1230.0,13396700
2025-06-10,1097.2252197265625,1220.0,1255.0,1200.0,1210.0,42485200
2025-06-11,1124.2061767578125,1250.0,1250.0,1215.0,1220.0,19813000
2025-06-12,1155.683837890625,1285.0,1300.0,1265.0,1270.0,30722400
2025-06-13,1182.6649169921875,1315.0,1350.0,1315.0,1315.0,40347700
2025-06-16,1151.1871337890625,1280.0,1370.0,1275.0,1345.0,37928300
2025-06-17,1164.6776123046875,1295.0,1295.0,1260.0,1280.0,14556900
2025-06-18,1173.6712646484375,1305.0,1345.0,1300.0,1315.0,29404400
2025-06-19,1146.6903076171875,1275.0,1325.0,1255.0,1325.0,25798500
2025-06-20,1092.7283935546875,1215.0,1275.0,1215.0,1270.0,74805100
2025-06-23,1133.1998291015625,1260.0,1305.0,1250.0,1250.0,63994800
2025-06-24,1088.2315673828125,1210.0,1255.0,1200.0,1200.0,30056900
2025-06-25,1038.7664794921875,1155.0,1235.0,1155.0,1230.0,29321300
2025-06-26,1070.2442626953125,1190.0,1195.0,1150.0,1155.0,13652800
2025-06-30,1043.2633056640625,1160.0,1210.0,1160.0,1200.0,14031500
2025-07-01,1052.2569580078125,1170.0,1185.0,1160.0,1175.0,6446300
2025-07-02,1047.7601318359375,1165.0,1185.0,1160.0,1180.0,7495700
2025-07-03,1061.2506103515625,1180.0,1190.0,1160.0,1180.0,27687500
2025-07-04,1070.2442626953125,1190.0,1200.0,1170.0,1180.0,3302500
2025-07-07,1052.2569580078125,1170.0,1190.0,1130.0,1190.0,17320400
2025-07-08,1043.2633056640625,1160.0,1190.0,1160.0,1175.0,12607700
2025-07-09,1038.7664794921875,1155.0,1175.0,1155.0,1160.0,8542000
2025-07-10,1052.2569580078125,1170.0,1180.0,1155.0,1160.0,10611900
2025-07-11,1070.2442626953125,1190.0,1200.0,1170.0,1170.0,17852600
2025-07-14,1092.7283935546875,1215.0,1230.0,1195.0,1200.0,22878900
2025-07-15,1115.2125244140625,1240.0,1255.0,1215.0,1220.0,17562800
2025-07-16,1097.2252197265625,1220.0,1265.0,1205.0,1260.0,18628400
2025-07-17,1092.7283935546875,1215.0,1225.0,1200.0,1220.0,7532800
2025-07-18,1070.2442626953125,1190.0,1215.0,1185.0,1215.0,19848100
2025-07-21,1092.7283935546875,1215.0,1215.0,1200.0,1210.0,11720600
2025-07-22,1097.2252197265625,1220.0,1235.0,1215.0,1220.0,11997100
2025-07-23,1133.1998291015625,1260.0,1260.0,1220.0,1220.0,20850200
2025-07-24,1115.2125244140625,1240.0,1270.0,1105.0,1260.0,49255900
2025-07-25,1115.2125244140625,1240.0,1250.0,1220.0,1250.0,10994500
2025-07-28,1187.1617431640625,1320.0,1330.0,1240.0,1250.0,59236400
2025-07-29,1209.645751953125,1345.0,1365.0,1320.0,1330.0,68257700
2025-07-30,1191.6585693359375,1325.0,1350.0,1310.0,1345.0,25241900
2025-07-31,1205.1490478515625,1340.0,1345.0,1315.0,1330.0,34690600
2025-08-01,1191.6585693359375,1325.0,1350.0,1320.0,1345.0,21339200
2025-08-04,1164.6776123046875,1295.0,1335.0,1290.0,1335.0,34302800
2025-08-05,1182.6649169921875,1315.0,1340.0,1300.0,1310.0,41352100
2025-08-06,1187.3394775390625,1270.0,1280.0,1255.0,1265.0,24092200
2025-08-07,1220.0614013671875,1305.0,1315.0,1265.0,1275.0,29576100
2025-08-08,1220.0614013671875,1305.0,1310.0,1265.0,1310.0,11756500
2025-08-11,1201.363037109375,1285.0,1310.0,1280.0,1305.0,7210100
2025-08-12,1177.9903564453125,1260.0,1290.0,1260.0,1285.0,15845200
2025-08-13,1196.6885986328125,1280.0,1285.0,1255.0,1285.0,12972700
2025-08-14,1173.3157958984375,1255.0,1280.0,1255.0,1280.0,13887400
2025-08-15,1177.9903564453125,1260.0,1300.0,1255.0,1255.0,36936400
2025-08-19,1140.5938720703125,1220.0,1260.0,1210.0,1260.0,32554500
2025-08-20,1149.9429931640625,1230.0,1235.0,1195.0,1215.0,43491000
2025-08-21,1145.2684326171875,1225.0,1255.0,1220.0,1230.0,19274600
2025-08-22,1149.9429931640625,1230.0,1245.0,1220.0,1235.0,12616000
2025-08-25,1168.6412353515625,1250.0,1260.0,1235.0,1250.0,19749600
2025-08-26,1145.2684326171875,1225.0,1270.0,1225.0,1260.0,22037000
2025-08-27,1135.9193115234375,1215.0,1230.0,1200.0,1225.0,21191100
2025-08-28,1145.2684326171875,1225.0,1230.0,1200.0,1215.0,29688600
2025-08-29,1117.2210693359375,1195.0,1220.0,1175.0,1220.0,25836300
2025-09-01,1112.5465087890625,1190.0,1200.0,1135.0,1150.0,25919200
2025-09-02,1121.8956298828125,1200.0,1210.0,1190.0,1195.0,13499000
2025-09-03,1154.6175537109375,1235.0,1240.0,1205.0,1210.0,20502900
2025-09-04,1149.9429931640625,1230.0,1255.0,1215.0,1240.0,18458100
2025-09-08,1140.5938720703125,1220.0,1245.0,1215.0,1235.0,16725500
2025-09-09,1140.5938720703125,1220.0,1235.0,1200.0,1220.0,9571700
2025-09-10,1149.9429931640625,1230.0,1235.0,1200.0,1220.0,9415000
2025-09-11,1140.5938720703125,1220.0,1250.0,1220.0,1250.0,9479600
2025-09-12,1126.5701904296875,1205.0,1230.0,1205.0,1230.0,10286500
2025-09-15,1121.8956298828125,1200.0,1220.0,1195.0,1210.0,16661800
2025-09-16,1159.2921142578125,1240.0,1260.0,1195.0,1205.0,39184100
2025-09-17,1163.9666748046875,1245.0,1260.0,1235.0,1255.0,16849100
2025-09-18,1159.2921142578125,1240.0,1250.0,1230.0,1250.0,9346300
2025-09-19,1145.2684326171875,1225.0,1245.0,1205.0,1240.0,11234400
2025-09-22,1121.8956298828125,1200.0,1230.0,1195.0,1220.0,20733300
2025-09-23,1131.2447509765625,1210.0,1220.0,1195.0,1205.0,16056000
2025-09-24,1131.2447509765625,1210.0,1220.0,1205.0,1215.0,16063200
2025-09-25,1140.5938720703125,1220.0,1250.0,1210.0,1220.0,28450800
2025-09-26,1154.6175537109375,1235.0,1235.0,1205.0,1230.0,13158100
2025-09-29,1135.9193115234375,1215.0,1250.0,1205.0,1245.0,15003300
2025-09-30,1131.2447509765625,1210.0,1225.0,1205.0,1215.0,12765000
2025-10-01,1061.126220703125,1135.0,1225.0,1130.0,1225.0,48348900
2025-10-02,1042.427978515625,1115.0,1155.0,1115.0,1140.0,29380300
2025-10-03,1061.126220703125,1135.0,1150.0,1115.0,1115.0,15598700
2025-10-06,1042.427978515625,1115.0,1145.0,1115.0,1135.0,19125000
2025-10-07,1056.45166015625,1130.0,1145.0,1115.0,1125.0,26040700
2025-10-08,1051.777099609375,1125.0,1150.0,1120.0,1130.0,15336000
2025-10-09,1056.45166015625,1130.0,1140.0,1110.0,1130.0,13713100
2025-10-10,1033.078857421875,1105.0,1130.0,1105.0,1120.0,14320900
2025-10-13,1019.05517578125,1090.0,1110.0,1085.0,1100.0,23584400
2025-10-14,1005.0313720703125,1075.0,1105.0,1065.0,1090.0,31616400
2025-10-15,995.6822509765625,1065.0,1100.0,1065.0,1090.0,101285100
2025-10-16,1014.3804931640625,1085.0,1110.0,1070.0,1100.0,30891200
2025-10-17,1000.3568115234375,1070.0,1090.0,1065.0,1085.0,10922600
2025-10-20,1019.05517578125,1090.0,1100.0,1075.0,1075.0,8629500
2025-10-21,1056.45166015625,1130.0,1140.0,1090.0,1090.0,35361500
2025-10-22,1023.729736328125,1095.0,1145.0,1095.0,1135.0,21046600
2025-10-23,1042.427978515625,1115.0,1130.0,1095.0,1105.0,23455400
2025-10-24,1131.2447509765625,1210.0,1235.0,1150.0,1150.0,124769100
2025-10-27,1135.9193115234375,1215.0,1260.0,1210.0,1230.0,70441000
2025-10-28,1131.2447509765625,1210.0,1230.0,1190.0,1230.0,27306900
2025-10-29,1140.5938720703125,1220.0,1240.0,1200.0,1200.0,41887600
2025-10-30,1126.5701904296875,1205.0,1250.0,1200.0,1220.0,49401600
2025-10-31,1140.5938720703125,1220.0,1235.0,1200.0,1205.0,44720900
2025-11-03,1168.6412353515625,1250.0,1270.0,1215.0,1220.0,50402400
2025-11-04,1187.3394775390625,1270.0,1270.0,1240.0,1255.0,30699300
2025-11-05,1154.6175537109375,1235.0,1270.0,1220.0,1270.0,36271600
2025-11-06,1163.9666748046875,1245.0,1260.0,1230.0,1235.0,16070600
2025-11-07,1168.6412353515625,1250.0,1255.0,1235.0,1250.0,9832800
2025-11-10,1131.2447509765625,1210.0,1250.0,1210.0,1250.0,19988600
2025-11-11,1145.2684326171875,1225.0,1240.0,1210.0,1220.0,13260000
2025-11-12,1173.3157958984375,1255.0,1260.0,1225.0,1225.0,16520200
2025-11-13,1159.2921142578125,1240.0,1255.0,1235.0,1255.0,6951900
2025-11-14,1149.9429931640625,1230.0,1250.0,1220.0,1245.0,9916900
2025-11-17,1192.0140380859375,1275.0,1430.0,1220.0,1230.0,32981600
2025-11-18,1257.4578857421875,1345.0,1360.0,1260.0,1275.0,82461500
2025-11-19,1252.7833251953125,1340.0,1355.0,1305.0,1345.0,35019100
2025-11-20,1192.0140380859375,1275.0,1355.0,1265.0,1345.0,38891400
2025-11-21,1206.03759765625,1290.0,1300.0,1275.0,1280.0,10733100
2025-11-24,1177.9903564453125,1260.0,1325.0,1260.0,1325.0,21042500
2025-11-25,1177.9903564453125,1260.0,1270.0,1230.0,1260.0,9304000
2025-11-26,1187.3394775390625,1270.0,1275.0,1245.0,1275.0,6796200
2025-11-27,1159.2921142578125,1240.0,1275.0,1225.0,1275.0,18917600
2025-11-28,1159.2921142578125,1240.0,1260.0,1230.0,1245.0,7621300
2025-12-01,1140.5938720703125,1220.0,1250.0,1220.0,1250.0,12547300
2025-12-02,1159.2921142578125,1240.0,1255.0,1225.0,1230.0,13000100
2025-12-03,1154.6175537109375,1235.0,1245.0,1225.0,1240.0,9012400
2025-12-04,1229.4105224609375,1315.0,1320.0,1225.0,1230.0,35528300
2025-12-05,1196.6885986328125,1280.0,1310.0,1270.0,1305.0,24373700
2025-12-08,1201.363037109375,1285.0,1300.0,1260.0,1300.0,18256900
2025-12-09,1154.6175537109375,1235.0,1285.0,1230.0,1285.0,14379600
2025-12-10,1187.3394775390625,1270.0,1275.0,1240.0,1250.0,16992600
2025-12-11,1154.6175537109375,1235.0,1280.0,1225.0,1275.0,9875600
2025-12-12,1154.6175537109375,1235.0,1260.0,1230.0,1240.0,7208300
2025-12-15,1154.6175537109375,1235.0,1260.0,1225.0,1250.0,10227300
2025-12-16,1154.6175537109375,1235.0,1245.0,1225.0,1235.0,5710500
2025-12-17,1163.9666748046875,1245.0,1260.0,1235.0,1235.0,7818800
2025-12-18,1154.6175537109375,1235.0,1270.0,1235.0,1255.0,10384500
2025-12-19,1149.9429931640625,1230.0,1250.0,1230.0,1235.0,5983900
2025-12-22,1159.2921142578125,1240.0,1245.0,1225.0,1235.0,12689000
2025-12-23,1168.6412353515625,1250.0,1255.0,1240.0,1240.0,6134700
2025-12-24,1168.6412353515625,1250.0,1265.0,1235.0,1255.0,12171000
2025-12-29,1168.6412353515625,1250.0,1265.0,1240.0,1250.0,11655600
2025-12-30,1177.9903564453125,1260.0,1285.0,1255.0,1255.0,20228300
2026-01-02,1196.6885986328125,1280.0,1285.0,1265.0,1270.0,9488900
2026-01-05,1215.3868408203125,1300.0,1315.0,1290.0,1300.0,25834000
2026-01-06,1201.363037109375,1285.0,1305.0,1280.0,1300.0,25818500
2026-01-07,1182.6649169921875,1265.0,1300.0,1255.0,1300.0,22245500
2026-01-08,1163.9666748046875,1245.0,1290.0,1240.0,1275.0,25047200
2026-01-09,1154.6175537109375,1235.0,1270.0,1230.0,1255.0,21258800
2026-01-12,1163.9666748046875,1245.0,1255.0,1225.0,1235.0,37991500
2026-01-13,1159.2921142578125,1240.0,1255.0,1230.0,1250.0,20385700
2026-01-14,1163.9666748046875,1245.0,1270.0,1235.0,1245.0,27776600
2026-01-15,1168.6412353515625,1250.0,1275.0,1245.0,1250.0,39551500
2026-01-19,1210.7122802734375,1295.0,1295.0,1250.0,1250.0,20894500
2026-01-20,1243.4342041015625,1330.0,1345.0,1285.0,1295.0,68297900
2026-01-21,1210.7122802734375,1295.0,1335.0,1275.0,1330.0,25481500
2026-01-22,1234.0850830078125,1320.0,1330.0,1285.0,1310.0,38302600
2026-01-23,1220.0614013671875,1305.0,1320.0,1275.0,1320.0,16404900
2026-01-26,1266.8070068359375,1355.0,1360.0,1300.0,1305.0,55555100
2026-01-27,1257.4578857421875,1345.0,1395.0,1340.0,1360.0,53544800
2026-01-28,1196.6885986328125,1280.0,1340.0,1245.0,1340.0,32893000
2026-01-29,1126.5701904296875,1205.0,1255.0,1100.0,1250.0,47307300
2026-01-30,1177.9903564453125,1260.0,1285.0,1220.0,1220.0,39841500
2026-02-02,1159.2921142578125,1240.0,1285.0,1230.0,1260.0,28654200
2026-02-03,1238.7596435546875,1325.0,1330.0,1230.0,1245.0,32116500
2026-02-04,1210.7122802734375,1295.0,1320.0,1285.0,1320.0,26679200
2026-02-05,1201.363037109375,1285.0,1305.0,1280.0,1295.0,15925300
2026-02-06,1187.3394775390625,1270.0,1275.0,1240.0,1265.0,11725200
2026-02-09,1182.6649169921875,1265.0,1290.0,1255.0,1290.0,9115400
2026-02-10,1220.0614013671875,1305.0,1320.0,1270.0,1270.0,22474900
2026-02-11,1210.7122802734375,1295.0,1330.0,1285.0,1315.0,23827400
2026-02-12,1201.363037109375,1285.0,1310.0,1280.0,1300.0,15789900
2026-02-13,1196.6885986328125,1280.0,1300.0,1270.0,1290.0,13391300
2026-02-18,1215.3868408203125,1300.0,1315.0,1260.0,1295.0,25572400
2026-02-19,1229.4105224609375,1315.0,1330.0,1300.0,1315.0,28703000
2026-02-20,1229.4105224609375,1315.0,1330.0,1310.0,1325.0,15049000
2026-02-23,1238.7596435546875,1325.0,1340.0,1305.0,1315.0,25357300
2026-02-24,1215.3868408203125,1300.0,1330.0,1295.0,1325.0,17807800
2026-02-25,1220.0614013671875,1305.0,1320.0,1295.0,1305.0,16435600
2026-02-26,1168.6412353515625,1250.0,1310.0,1250.0,1310.0,19849100
2026-02-27,1210.7122802734375,1295.0,1305.0,1230.0,1250.0,32420200
2026-03-02,1280.8306884765625,1370.0,1380.0,1315.0,1335.0,90256700
2026-03-03,1238.7596435546875,1325.0,1395.0,1315.0,1390.0,49467300
2026-03-04,1140.5938720703125,1220.0,1340.0,1215.0,1330.0,50503000
2026-03-05,1182.6649169921875,1265.0,1280.0,1250.0,1250.0,22903600
2026-03-06,1173.3157958984375,1255.0,1290.0,1250.0,1270.0,13930400
2026-03-09,1177.9903564453125,1260.0,1315.0,1235.0,1300.0,39440500
2026-03-10,1163.9666748046875,1245.0,1275.0,1225.0,1260.0,26337900
2026-03-11,1154.6175537109375,1235.0,1265.0,1235.0,1260.0,13850000
2026-03-12,1154.6175537109375,1235.0,1260.0,1230.0,1240.0,13237400
2026-03-13,1159.2921142578125,1240.0,1260.0,1230.0,1240.0,13407100
2026-03-16,1201.363037109375,1285.0,1300.0,1215.0,1240.0,16757700
2026-03-17,1182.6649169921875,1265.0,1290.0,1260.0,1285.0,9804500
2026-03-25,1243.4342041015625,1330.0,1335.0,1280.0,1280.0,30444500
2026-03-26,1243.4342041015625,1330.0,1360.0,1325.0,1330.0,21280500
2026-03-27,1266.8070068359375,1355.0,1375.0,1325.0,1340.0,27056900
2026-03-30,1332.2509765625,1425.0,1460.0,1355.0,1370.0,78133000
2026-03-31,1313.552734375,1405.0,1435.0,1385.0,1425.0,32935000
2026-04-01,1257.4578857421875,1345.0,1410.0,1325.0,1405.0,45135700
2026-04-02,1262.1324462890625,1350.0,1395.0,1340.0,1355.0,34246400
2026-04-06,1238.7596435546875,1325.0,1375.0,1315.0,1350.0,20335000
2026-04-07,1308.878173828125,1400.0,1415.0,1335.0,1335.0,38880900
2026-04-08,1318.227294921875,1410.0,1445.0,1350.0,1400.0,43642400
2026-04-09,1299.5289306640625,1390.0,1425.0,1385.0,1415.0,11002300
2026-04-10,1299.5289306640625,1390.0,1400.0,1375.0,1390.0,15642900
2026-04-13,1346.274658203125,1440.0,1440.0,1400.0,1415.0,40543900
2026-04-14,1346.274658203125,1440.0,1450.0,1405.0,1445.0,22718300
2026-04-15,1383.671142578125,1480.0,1490.0,1420.0,1440.0,47750000
2026-04-16,1350.94921875,1445.0,1495.0,1440.0,1490.0,12698500
2026-04-17,1383.671142578125,1480.0,1495.0,1445.0,1470.0,13910300
2026-04-20,1388.345703125,1485.0,1500.0,1480.0,1485.0,12719800
2026-04-21,1364.972900390625,1460.0,1485.0,1455.0,1475.0,16646200
2026-04-22,1378.99658203125,1475.0,1490.0,1465.0,1465.0,6366200
2026-04-23,1393.020263671875,1490.0,1525.0,1475.0,1475.0,17373800
2026-04-24,1383.671142578125,1480.0,1505.0,1425.0,1500.0,12867900
2026-04-27,1458.4642333984375,1560.0,1580.0,1440.0,1480.0,48745800
2026-04-28,1430.4168701171875,1530.0,1560.0,1525.0,1560.0,15167900
2026-04-29,1449.1151123046875,1550.0,1570.0,1505.0,1545.0,14761400
2026-04-30,1477.1624755859375,1580.0,1580.0,1525.0,1570.0,22504500
2026-05-04,1467.8133544921875,1570.0,1580.0,1545.0,1580.0,11236400
2026-05-05,1421.0677490234375,1520.0,1595.0,1520.0,1570.0,17122600
2026-05-06,1458.4642333984375,1560.0,1565.0,1510.0,1510.0,17601400
2026-05-07,1487.4403076171875,1540.0,1540.0,1485.0,1520.0,15130000
2026-05-08,1448.8055419921875,1500.0,1555.0,1485.0,1550.0,6813500
2026-05-11,1424.65869140625,1475.0,1500.0,1430.0,1500.0,13167900
2026-05-12,1439.146728515625,1490.0,1490.0,1440.0,1475.0,8360100
2026-05-13,1405.34130859375,1455.0,1480.0,1450.0,1480.0,3465800
2026-05-14,1405.34130859375,1455.0,1455.0,1455.0,1455.0,0
2026-05-15,1405.34130859375,1455.0,1455.0,1455.0,1455.0,0
2026-05-18,1415.0,1465.0,1485.0,1400.0,1455.0,20441700
2026-05-19,1352.218505859375,1400.0,1470.0,1355.0,1465.0,15353600
2026-05-20,1342.5596923828125,1390.0,1400.0,1330.0,1360.0,40137100
2026-05-21,1294.2662353515625,1340.0,1405.0,1280.0,1390.0,24031400
2026-05-22,1303.9249267578125,1350.0,1365.0,1300.0,1325.0,11464500
2026-05-25,1270.1195068359375,1315.0,1365.0,1305.0,1350.0,8328800
2026-05-26,1245.97265625,1290.0,1320.0,1290.0,1315.0,10664900
2026-05-27,1245.97265625,1290.0,1290.0,1290.0,1290.0,0
2026-05-28,1245.97265625,1290.0,1290.0,1290.0,1290.0,0
2026-05-29,1192.849853515625,1235.0,1325.0,1235.0,1300.0,105639600
2026-06-02,1236.31396484375,1280.0,1290.0,1205.0,1235.0,24820100
2026-06-03,1163.873779296875,1205.0,1300.0,1165.0,1300.0,45373900
2026-06-04,1188.0205078125,1230.0,1230.0,1170.0,1205.0,21988500
2026-06-05,1178.36181640625,1220.0,1260.0,1195.0,1235.0,32917800
2026-06-08,1125.2388916015625,1165.0,1215.0,1150.0,1200.0,33953800
2026-06-09,1188.0205078125,1230.0,1235.0,1140.0,1155.0,30451700
2026-06-10,1197.67919921875,1240.0,1305.0,1220.0,1240.0,35706200
2026-06-11,1221.825927734375,1265.0,1290.0,1245.0,1270.0,35594200
2026-06-12,1207.337890625,1250.0,1315.0,1250.0,1280.0,21209100
2026-06-15,1183.191162109375,1225.0,1265.0,1215.0,1260.0,37823400
2026-06-17,1183.191162109375,1225.0,1260.0,1215.0,1230.0,20758700
2026-06-18,1163.873779296875,1205.0,1235.0,1195.0,1230.0,12257400
2026-06-19,1183.191162109375,1225.0,1260.0,1205.0,1215.0,20107900
2026-06-22,1221.825927734375,1265.0,1280.0,1240.0,1240.0,27129400
2026-06-23,1231.484619140625,1275.0,1275.0,1225.0,1265.0,22416400
2026-06-24,1231.484619140625,1275.0,1320.0,1265.0,1280.0,17993400
2026-06-25,1245.97265625,1290.0,1315.0,1250.0,1280.0,21330800
2026-06-26,1226.6552734375,1270.0,1300.0,1250.0,1290.0,11017300
2026-06-29,1197.67919921875,1240.0,1270.0,1215.0,1270.0,6573700
2026-06-30,1168.703125,1210.0,1250.0,1195.0,1250.0,15140600
2026-07-01,1183.191162109375,1225.0,1235.0,1200.0,1230.0,6687800
2026-07-02,1192.849853515625,1235.0,1250.0,1205.0,1230.0,9302500
2026-07-03,1212.167236328125,1255.0,1260.0,1235.0,1235.0,8838800
2026-07-06,1255.6314697265625,1300.0,1310.0,1250.0,1255.0,18838400
2026-07-07,1250.8021240234375,1295.0,1315.0,1280.0,1300.0,15798000
2026-07-08,1274.9488525390625,1320.0,1340.0,1280.0,1295.0,15223400
2026-07-09,1255.6314697265625,1300.0,1325.0,1295.0,1320.0,7096400
2026-07-10,1274.9488525390625,1320.0,1335.0,1300.0,1315.0,4340400
2026-07-13,1279.7781982421875,1325.0,1335.0,1315.0,1330.0,10458500
2026-07-14,1294.2662353515625,1340.0,1360.0,1325.0,1340.0,22771300
2026-07-15,1303.9249267578125,1350.0,1365.0,1290.0,1340.0,15563500
2026-07-16,1323.2423095703125,1370.0,1370.0,1340.0,1350.0,19420100
2026-07-17,1308.7542724609375,1355.0,1375.0,1350.0,1370.0,8279200
2026-07-20,1361.877197265625,1410.0,1425.0,1355.0,1355.0,15089400
2026-07-21,1405.34130859375,1455.0,1510.0,1400.0,1415.0,30384000
2026-07-22,1434.3173828125,1485.0,1490.0,1440.0,1455.0,21738700
2026-07-23,1361.877197265625,1410.0,1520.0,1385.0,1490.0,84981500
2026-07-24,1395.6826171875,1445.0,1450.0,1415.0,1435.0,25206700
2026-07-27,1405.34130859375,1455.0,1460.0,1415.0,1440.0,27150900
2026-07-28,1395.6826171875,1445.0,1455.0,1415.0,1455.0,18885100
2026-07-29,1415.0,1465.0,1470.0,1440.0,1445.0,21058700
2026-07-30,1405.34130859375,1455.0,1485.0,1445.0,1465.0,20574000
2026-07-31,1415.0,1465.0,1475.0,1445.0,1455.0,19085500
2026-08-03,1445.0,1445.0,1445.0,1420.0,1435.0,27673900
2026-08-04,1450.0,1450.0,1470.0,1435.0,1470.0,11529800
2026-08-05,1445.0,1445.0,1450.0,1435.0,1450.0,12890600
2026-08-06,1430.0,1430.0,1450.0,1430.0,1445.0,14573900
2026-08-07,1420.0,1420.0,1440.0,1405.0,1440.0,19685100
2026-08-10,1405.0,1405.0,1425.0,1400.0,1420.0,12487800
2026-08-11,1395.0,1395.0,1410.0,1390.0,1405.0,12194300
2026-08-12,1395.0,1395.0,1410.0,1390.0,1400.0,6517000
2026-08-13,1400.0,1400.0,1410.0,1395.0,1400.0,6584400
2026-08-14,1400.0,1400.0,1420.0,1385.0,1410.0,9517400
2026-08-18,1415.0,1415.0,1425.0,1395.0,1400.0,8491700
2026-08-19,1390.0,1390.0,1425.0,1390.0,1420.0,11133300
2026-08-20,1395.0,1395.0,1405.0,1390.0,1390.0,8015800
2026-08-21,1380.0,1380.0,1400.0,1375.0,1400.0,9576700
2026-08-24,1390.0,1390.0,1395.0,1365.0,1390.0,8995500
