Price,Adj Close,Close,High,Low,Open,Volume
Ticker,ANTM.JK,ANTM.JK,ANTM.JK,ANTM.JK,ANTM.JK,ANTM.JK
Date,,,,,,
2021-01-26,2202.80419921875,2670.0,2930.0,2670.0,2900.0,786819300
2021-01-27,2103.8017578125,2550.0,2740.0,2490.0,2620.0,1341364800
2021-01-28,1963.54833984375,2380.0,2570.0,2380.0,2470.0,731854900
2021-01-29,1831.544921875,2220.0,2440.0,2220.0,2370.0,450321200
2021-02-01,2145.052734375,2600.0,2640.0,2070.0,2090.0,2186652700
2021-02-02,1996.549072265625,2420.0,2630.0,2420.0,2600.0,942434300
2021-02-03,1922.2972412109375,2330.0,2520.0,2290.0,2390.0,948031000
2021-02-04,1980.048583984375,2400.0,2520.0,2270.0,2400.0,874173400
2021-02-05,2194.5537109375,2660.0,2690.0,2370.0,2450.0,1157647700
2021-02-08,2334.807373046875,2830.0,2830.0,2700.0,2770.0,977135300
2021-02-09,2252.305419921875,2730.0,2860.0,2640.0,2850.0,877784900
2021-02-10,2417.309326171875,2930.0,2970.0,2720.0,2790.0,1401720500
2021-02-11,2367.807861328125,2870.0,2960.0,2850.0,2940.0,620114900
2021-02-15,2392.55859375,2900.0,2950.0,2880.0,2900.0,361594300
2021-02-16,2367.807861328125,2870.0,2940.0,2860.0,2910.0,349266100
2021-02-17,2268.8056640625,2750.0,2890.0,2720.0,2870.0,443154100
2021-02-18,2293.55615234375,2780.0,2820.0,2670.0,2700.0,349948000
2021-02-19,2376.058349609375,2880.0,2910.0,2730.0,2800.0,482821700
2021-02-22,2433.809814453125,2950.0,3040.0,2910.0,2940.0,834610300
2021-02-23,2425.559814453125,2940.0,3010.0,2920.0,2940.0,327105100
2021-02-24,2400.80908203125,2910.0,2970.0,2820.0,2930.0,386381000
2021-02-25,2442.06005859375,2960.0,3010.0,2940.0,2970.0,346787800
2021-02-26,2343.0576171875,2840.0,2890.0,2780.0,2840.0,1305042600
2021-03-01,2343.0576171875,2840.0,2880.0,2810.0,2850.0,166782500
2021-03-02,2252.305419921875,2730.0,2850.0,2720.0,2840.0,298489400
2021-03-03,2227.554931640625,2700.0,2770.0,2670.0,2770.0,192152700
2021-03-04,2079.05126953125,2520.0,2590.0,2520.0,2520.0,466387000
2021-03-05,1996.549072265625,2420.0,2520.0,2350.0,2370.0,745024700
2021-03-08,1881.0462646484375,2280.0,2500.0,2270.0,2490.0,476947100
2021-03-09,1839.7952880859375,2230.0,2360.0,2180.0,2280.0,515109500
2021-03-10,1839.7952880859375,2230.0,2280.0,2170.0,2260.0,193024600
2021-03-12,1996.549072265625,2420.0,2440.0,2280.0,2280.0,537855700
2021-03-15,1930.5472412109375,2340.0,2450.0,2280.0,2430.0,371987500
2021-03-16,1872.7958984375,2270.0,2350.0,2240.0,2350.0,231241100
2021-03-17,1897.5467529296875,2300.0,2330.0,2260.0,2290.0,147188700
2021-03-18,1889.2965087890625,2290.0,2350.0,2270.0,2350.0,149549500
2021-03-19,1856.2952880859375,2250.0,2280.0,2210.0,2270.0,123414100
2021-03-22,1864.5458984375,2260.0,2340.0,2250.0,2260.0,125924600
2021-03-23,1872.7958984375,2270.0,2310.0,2220.0,2300.0,141239100
2021-03-24,1790.2939453125,2170.0,2250.0,2170.0,2250.0,156928900
2021-03-25,1798.544189453125,2180.0,2230.0,2100.0,2170.0,191883200
2021-03-26,2004.799072265625,2430.0,2440.0,2200.0,2230.0,652293400
2021-03-29,1864.5458984375,2260.0,2430.0,2260.0,2430.0,454909500
2021-03-30,1823.2947998046875,2210.0,2320.0,2160.0,2270.0,282270900
2021-03-31,1856.2952880859375,2250.0,2250.0,2130.0,2180.0,268981300
2021-04-01,1848.04541015625,2240.0,2300.0,2200.0,2290.0,160897600
2021-04-05,1815.04443359375,2200.0,2280.0,2190.0,2280.0,107349400
2021-04-06,1922.2972412109375,2330.0,2340.0,2210.0,2250.0,323980600
2021-04-07,1947.0479736328125,2360.0,2370.0,2270.0,2330.0,237921000
2021-04-08,2037.7999267578125,2470.0,2480.0,2340.0,2360.0,327839300
2021-04-09,1930.5472412109375,2340.0,2490.0,2340.0,2450.0,264837100
2021-04-12,1856.2952880859375,2250.0,2310.0,2210.0,2310.0,194738500
2021-04-13,1872.7958984375,2270.0,2300.0,2220.0,2250.0,111017700
2021-04-14,1922.2972412109375,2330.0,2340.0,2280.0,2280.0,143891700
2021-04-15,1914.0469970703125,2320.0,2350.0,2300.0,2340.0,109175800
2021-04-16,1986.1292724609375,2390.0,2420.0,2310.0,2340.0,173387400
2021-04-19,1944.5784912109375,2340.0,2370.0,2300.0,2350.0,91552300
2021-04-20,1952.8887939453125,2350.0,2360.0,2300.0,2330.0,60372200
2021-04-21,1969.5087890625,2370.0,2400.0,2300.0,2320.0,112742900
2021-04-22,1952.8887939453125,2350.0,2440.0,2350.0,2380.0,119644900
2021-04-23,1927.958251953125,2320.0,2340.0,2310.0,2320.0,41022800
2021-04-26,1986.1292724609375,2390.0,2420.0,2340.0,2350.0,139616000
2021-04-27,1986.1292724609375,2390.0,2430.0,2360.0,2410.0,96606300
2021-04-28,2019.3699951171875,2430.0,2430.0,2350.0,2380.0,138325400
2021-04-29,2085.85107421875,2510.0,2540.0,2460.0,2460.0,325392600
2021-04-30,2069.23095703125,2490.0,2500.0,2440.0,2490.0,124672100
2021-05-03,2094.16162109375,2520.0,2560.0,2480.0,2500.0,171047200
2021-05-04,2177.26318359375,2620.0,2640.0,2500.0,2540.0,284137700
2021-05-05,2185.5732421875,2630.0,2640.0,2560.0,2620.0,180649900
2021-05-06,2177.26318359375,2620.0,2670.0,2580.0,2610.0,150793800
2021-05-07,2177.26318359375,2620.0,2650.0,2610.0,2630.0,133080200
2021-05-10,2227.1240234375,2680.0,2700.0,2620.0,2640.0,157887500
2021-05-11,2218.814208984375,2670.0,2690.0,2600.0,2600.0,164247600
2021-05-17,2085.85107421875,2510.0,2670.0,2500.0,2670.0,185205000
2021-05-18,2160.642578125,2600.0,2640.0,2540.0,2560.0,179403400
2021-05-19,2119.092041015625,2550.0,2640.0,2530.0,2580.0,111892800
2021-05-20,2011.0595703125,2420.0,2520.0,2420.0,2510.0,214175900
2021-05-21,1936.2684326171875,2330.0,2440.0,2310.0,2420.0,147528900
2021-05-24,1886.4072265625,2270.0,2390.0,2250.0,2360.0,128408600
2021-05-25,1936.2684326171875,2330.0,2410.0,2310.0,2310.0,186483800
2021-05-27,1986.1292724609375,2390.0,2390.0,2330.0,2340.0,148943500
2021-05-28,2044.30029296875,2460.0,2500.0,2430.0,2470.0,118544200
2021-05-31,2035.990478515625,2450.0,2480.0,2410.0,2480.0,57366900
2021-06-02,2119.092041015625,2550.0,2550.0,2440.0,2460.0,125654300
2021-06-03,2094.16162109375,2520.0,2600.0,2500.0,2540.0,131141700
2021-06-04,2019.3699951171875,2430.0,2480.0,2410.0,2480.0,160479400
2021-06-07,1977.8193359375,2380.0,2450.0,2370.0,2450.0,62115900
2021-06-08,1952.8887939453125,2350.0,2420.0,2350.0,2390.0,58838700
2021-06-09,2044.30029296875,2460.0,2480.0,2370.0,2380.0,117338500
2021-06-10,2011.0595703125,2420.0,2480.0,2420.0,2440.0,79751900
2021-06-11,2060.9208984375,2480.0,2500.0,2440.0,2460.0,94696000
2021-06-14,2002.749755859375,2410.0,2470.0,2400.0,2470.0,64557400
2021-06-15,1961.1988525390625,2360.0,2390.0,2340.0,2390.0,84189100
2021-06-16,1927.958251953125,2320.0,2360.0,2300.0,2330.0,77248800
2021-06-17,1936.2684326171875,2330.0,2350.0,2260.0,2290.0,74868000
2021-06-18,1853.166748046875,2230.0,2320.0,2210.0,2300.0,125507700
2021-06-21,1828.2362060546875,2200.0,2250.0,2130.0,2190.0,100386700
2021-06-22,1878.0972900390625,2260.0,2300.0,2220.0,2250.0,97671600
2021-06-23,1869.7867431640625,2250.0,2310.0,2240.0,2280.0,64275900
2021-06-24,1869.7867431640625,2250.0,2290.0,2240.0,2280.0,59257500
2021-06-25,1911.3380126953125,2300.0,2340.0,2280.0,2310.0,90478300
2021-06-28,1861.476806640625,2240.0,2310.0,2230.0,2310.0,65985000
2021-06-29,1844.8564453125,2220.0,2250.0,2210.0,2230.0,55524500
2021-06-30,1911.3380126953125,2300.0,2310.0,2230.0,2240.0,95174800
2021-07-01,1853.166748046875,2230.0,2310.0,2200.0,2280.0,89606900
2021-07-02,1844.8564453125,2220.0,2250.0,2190.0,2230.0,57200500
2021-07-05,1861.476806640625,2240.0,2260.0,2220.0,2230.0,60698700
2021-07-06,2060.9208984375,2480.0,2510.0,2240.0,2250.0,365880400
2021-07-07,2044.30029296875,2460.0,2470.0,2380.0,2450.0,146473200
2021-07-08,2119.092041015625,2550.0,2610.0,2460.0,2460.0,227835500
2021-07-09,2152.33251953125,2590.0,2630.0,2530.0,2560.0,185723500
2021-07-12,2119.092041015625,2550.0,2670.0,2520.0,2610.0,176941700
2021-07-13,2110.78173828125,2540.0,2610.0,2500.0,2560.0,128321100
2021-07-14,2152.33251953125,2590.0,2600.0,2500.0,2540.0,73148100
2021-07-15,2168.953125,2610.0,2630.0,2560.0,2580.0,107128500
2021-07-16,2177.26318359375,2620.0,2690.0,2610.0,2630.0,171972500
2021-07-19,2193.88330078125,2640.0,2670.0,2610.0,2630.0,74138600
2021-07-21,2127.402099609375,2560.0,2640.0,2540.0,2620.0,99038100
2021-07-22,2135.71240234375,2570.0,2600.0,2560.0,2560.0,59407500
2021-07-23,2177.26318359375,2620.0,2670.0,2600.0,2600.0,130437900
2021-07-26,2185.5732421875,2630.0,2730.0,2610.0,2660.0,223203900
2021-07-27,2102.4716796875,2530.0,2680.0,2510.0,2670.0,126951200
2021-07-28,2094.16162109375,2520.0,2590.0,2500.0,2540.0,64034100
2021-07-29,2152.33251953125,2590.0,2600.0,2500.0,2550.0,90764300
2021-07-30,2094.16162109375,2520.0,2590.0,2510.0,2590.0,90628600
2021-08-02,2085.85107421875,2510.0,2520.0,2440.0,2520.0,79180000
2021-08-03,2052.610595703125,2470.0,2520.0,2440.0,2490.0,79440900
2021-08-04,2011.0595703125,2420.0,2460.0,2410.0,2460.0,75331700
2021-08-05,1969.5087890625,2370.0,2430.0,2340.0,2420.0,105003300
2021-08-06,1936.2684326171875,2330.0,2410.0,2320.0,2380.0,73813800
2021-08-09,1878.0972900390625,2260.0,2310.0,2250.0,2300.0,118970000
2021-08-10,1944.5784912109375,2340.0,2370.0,2240.0,2270.0,131980200
2021-08-12,1994.4393310546875,2400.0,2430.0,2380.0,2400.0,127108900
2021-08-13,1977.8193359375,2380.0,2410.0,2350.0,2410.0,66587000
2021-08-16,1986.1292724609375,2390.0,2400.0,2350.0,2370.0,48998000
2021-08-18,1994.4393310546875,2400.0,2420.0,2360.0,2390.0,85335000
2021-08-19,1886.4072265625,2270.0,2380.0,2270.0,2380.0,131304600
2021-08-20,1894.717529296875,2280.0,2320.0,2240.0,2240.0,71969400
2021-08-23,1903.0277099609375,2290.0,2330.0,2280.0,2310.0,65261800
2021-08-24,1886.4072265625,2270.0,2330.0,2270.0,2330.0,43554200
2021-08-25,1911.3380126953125,2300.0,2340.0,2280.0,2290.0,61473600
2021-08-26,1886.4072265625,2270.0,2310.0,2270.0,2300.0,30446800
2021-08-27,1878.0972900390625,2260.0,2290.0,2250.0,2270.0,31806000
2021-08-30,1919.64794921875,2310.0,2320.0,2280.0,2280.0,37542900
2021-08-31,1986.1292724609375,2390.0,2400.0,2320.0,2350.0,117729600
2021-09-01,1986.1292724609375,2390.0,2430.0,2370.0,2390.0,81067300
2021-09-02,1927.958251953125,2320.0,2390.0,2320.0,2390.0,44419100
2021-09-03,1952.8887939453125,2350.0,2350.0,2300.0,2320.0,29176500
2021-09-06,1977.8193359375,2380.0,2400.0,2340.0,2380.0,65055100
2021-09-07,1952.8887939453125,2350.0,2410.0,2350.0,2400.0,33406100
2021-09-08,1927.958251953125,2320.0,2380.0,2300.0,2350.0,58229900
2021-09-09,2027.6800537109375,2440.0,2450.0,2290.0,2330.0,150815700
2021-09-10,2152.33251953125,2590.0,2630.0,2470.0,2470.0,423200100
2021-09-13,2094.16162109375,2520.0,2590.0,2480.0,2570.0,131318700
2021-09-14,2052.610595703125,2470.0,2500.0,2440.0,2500.0,139289700
2021-09-15,2069.23095703125,2490.0,2530.0,2460.0,2470.0,110525900
2021-09-16,2002.749755859375,2410.0,2550.0,2390.0,2520.0,163306000
2021-09-17,1994.4393310546875,2400.0,2430.0,2370.0,2370.0,61535600
2021-09-20,1952.8887939453125,2350.0,2390.0,2330.0,2380.0,82487500
2021-09-21,1961.1988525390625,2360.0,2370.0,2300.0,2350.0,66014000
2021-09-22,1944.5784912109375,2340.0,2410.0,2330.0,2370.0,88209700
2021-09-23,1903.0277099609375,2290.0,2370.0,2290.0,2370.0,153137400
2021-09-24,1903.0277099609375,2290.0,2340.0,2280.0,2290.0,159085400
2021-09-27,1903.0277099609375,2290.0,2330.0,2280.0,2310.0,52714300
2021-09-28,1886.4072265625,2270.0,2330.0,2260.0,2310.0,99767900
2021-09-29,1919.64794921875,2310.0,2320.0,2250.0,2260.0,97068300
2021-09-30,1903.0277099609375,2290.0,2340.0,2270.0,2310.0,125415100
2021-10-01,1844.8564453125,2220.0,2280.0,2220.0,2280.0,199919600
2021-10-04,1919.64794921875,2310.0,2320.0,2230.0,2230.0,143892700
2021-10-05,1911.3380126953125,2300.0,2420.0,2290.0,2290.0,297763700
2021-10-06,1911.3380126953125,2300.0,2340.0,2300.0,2320.0,98305700
2021-10-07,1936.2684326171875,2330.0,2350.0,2300.0,2320.0,106183800
2021-10-08,1944.5784912109375,2340.0,2410.0,2330.0,2380.0,159593300
2021-10-11,2011.0595703125,2420.0,2430.0,2370.0,2390.0,233370800
2021-10-12,1969.5087890625,2370.0,2410.0,2350.0,2410.0,131463700
2021-10-13,1944.5784912109375,2340.0,2370.0,2330.0,2360.0,70802000
2021-10-14,2011.0595703125,2420.0,2420.0,2340.0,2350.0,189624300
2021-10-15,2052.610595703125,2470.0,2480.0,2410.0,2450.0,260095700
2021-10-18,2085.85107421875,2510.0,2570.0,2500.0,2500.0,237360500
2021-10-19,2102.4716796875,2530.0,2540.0,2460.0,2530.0,153636200
2021-10-21,2035.990478515625,2450.0,2630.0,2420.0,2600.0,346789000
2021-10-22,2019.3699951171875,2430.0,2460.0,2370.0,2400.0,124149100
2021-10-25,2011.0595703125,2420.0,2460.0,2410.0,2450.0,50651600
2021-10-26,1994.4393310546875,2400.0,2460.0,2400.0,2450.0,64791500
2021-10-27,1952.8887939453125,2350.0,2410.0,2340.0,2400.0,75548400
2021-10-28,1927.958251953125,2320.0,2340.0,2300.0,2320.0,77309100
2021-10-29,1944.5784912109375,2340.0,2370.0,2330.0,2340.0,52556000
2021-11-01,1936.2684326171875,2330.0,2360.0,2320.0,2360.0,34622200
2021-11-02,1919.64794921875,2310.0,2350.0,2310.0,2340.0,27322900
2021-11-03,1927.958251953125,2320.0,2340.0,2310.0,2320.0,21938100
2021-11-04,1977.8193359375,2380.0,2390.0,2320.0,2320.0,67025700
2021-11-05,1961.1988525390625,2360.0,2400.0,2340.0,2390.0,40241200
2021-11-08,1969.5087890625,2370.0,2400.0,2350.0,2380.0,46985500
2021-11-09,1944.5784912109375,2340.0,2390.0,2330.0,2380.0,44444800
2021-11-10,1944.5784912109375,2340.0,2350.0,2320.0,2330.0,38322000
2021-11-11,1969.5087890625,2370.0,2370.0,2340.0,2350.0,41526700
2021-11-12,1994.4393310546875,2400.0,2420.0,2370.0,2380.0,80769500
2021-11-15,1986.1292724609375,2390.0,2430.0,2340.0,2420.0,100184600
2021-11-16,1977.8193359375,2380.0,2410.0,2370.0,2390.0,47663300
2021-11-17,1952.8887939453125,2350.0,2390.0,2340.0,2380.0,50176400
2021-11-18,1936.2684326171875,2330.0,2370.0,2320.0,2350.0,52679900
2021-11-19,1986.1292724609375,2390.0,2400.0,2340.0,2350.0,93539700
2021-11-22,1969.5087890625,2370.0,2400.0,2350.0,2400.0,46485000
2021-11-23,1994.4393310546875,2400.0,2460.0,2370.0,2390.0,159836400
2021-11-24,2027.6800537109375,2440.0,2450.0,2380.0,2400.0,73287900
2021-11-25,2027.6800537109375,2440.0,2490.0,2430.0,2470.0,109033700
2021-11-26,1944.5784912109375,2340.0,2410.0,2330.0,2410.0,162294600
2021-11-29,1936.2684326171875,2330.0,2360.0,2320.0,2330.0,82567700
2021-11-30,1911.3380126953125,2300.0,2370.0,2300.0,2340.0,151186400
2021-12-01,1886.4072265625,2270.0,2320.0,2250.0,2300.0,83612700
2021-12-02,1944.5784912109375,2340.0,2370.0,2260.0,2270.0,89010800
2021-12-03,1944.5784912109375,2340.0,2370.0,2320.0,2350.0,38757200
2021-12-06,1927.958251953125,2320.0,2360.0,2310.0,2340.0,31951700
2021-12-07,1944.5784912109375,2340.0,2350.0,2330.0,2340.0,21542900
2021-12-08,1936.2684326171875,2330.0,2360.0,2320.0,2360.0,24204300
2021-12-09,1936.2684326171875,2330.0,2340.0,2320.0,2330.0,20800100
2021-12-10,1927.958251953125,2320.0,2330.0,2310.0,2330.0,13962600
2021-12-13,1927.958251953125,2320.0,2350.0,2320.0,2330.0,15212500
2021-12-14,1903.0277099609375,2290.0,2320.0,2280.0,2320.0,28618000
2021-12-15,1894.717529296875,2280.0,2300.0,2270.0,2290.0,34080000
2021-12-16,1903.0277099609375,2290.0,2300.0,2260.0,2290.0,35249800
2021-12-17,1869.7867431640625,2250.0,2310.0,2250.0,2310.0,50857800
2021-12-20,1844.8564453125,2220.0,2260.0,2220.0,2250.0,53770200
2021-12-21,1878.0972900390625,2260.0,2280.0,2220.0,2220.0,37964200
2021-12-22,1869.7867431640625,2250.0,2300.0,2250.0,2270.0,28786500
2021-12-23,1861.476806640625,2240.0,2270.0,2240.0,2260.0,19005000
2021-12-24,1894.717529296875,2280.0,2300.0,2250.0,2260.0,30712000
2021-12-27,1911.3380126953125,2300.0,2300.0,2280.0,2300.0,18193100
2021-12-28,1878.0972900390625,2260.0,2320.0,2260.0,2310.0,29787500
2021-12-29,1886.4072265625,2270.0,2290.0,2260.0,2270.0,14304600
2021-12-30,1869.7867431640625,2250.0,2300.0,2250.0,2280.0,27319000
2022-01-03,1944.5784912109375,2340.0,2350.0,2260.0,2260.0,74416700
2022-01-04,1911.3380126953125,2300.0,2350.0,2290.0,2340.0,32222200
2022-01-05,1886.4072265625,2270.0,2340.0,2250.0,2310.0,51315000
2022-01-06,1853.166748046875,2230.0,2270.0,2230.0,2260.0,45325800
2022-01-07,1853.166748046875,2230.0,2260.0,2230.0,2250.0,26661900
2022-01-10,1844.8564453125,2220.0,2250.0,2220.0,2250.0,35421200
2022-01-11,1728.5142822265625,2080.0,2230.0,2080.0,2220.0,170397900
2022-01-12,1608.016845703125,1935.0,2150.0,1935.0,2120.0,394745900
2022-01-13,1632.947265625,1965.0,1995.0,1840.0,1935.0,284219000
2022-01-14,1620.4820556640625,1950.0,1975.0,1930.0,1965.0,106442100
2022-01-17,1541.5355224609375,1855.0,1955.0,1840.0,1950.0,183492900
2022-01-18,1479.2093505859375,1780.0,1875.0,1765.0,1850.0,219496200
2022-01-19,1433.50341796875,1725.0,1810.0,1705.0,1780.0,230606700
2022-01-20,1608.016845703125,1935.0,1935.0,1750.0,1765.0,368848100
2022-01-21,1616.3270263671875,1945.0,1965.0,1890.0,1935.0,169331400
2022-01-24,1566.4659423828125,1885.0,1955.0,1875.0,1950.0,70289800
2022-01-25,1462.5889892578125,1760.0,1840.0,1755.0,1840.0,201603100
2022-01-26,1499.9847412109375,1805.0,1815.0,1735.0,1780.0,162799900
2022-01-27,1466.744140625,1765.0,1790.0,1750.0,1775.0,133831800
2022-01-28,1470.8990478515625,1770.0,1790.0,1755.0,1770.0,49925500
2022-01-31,1470.8990478515625,1770.0,1810.0,1770.0,1785.0,81820500
2022-02-02,1479.2093505859375,1780.0,1830.0,1775.0,1805.0,158843900
2022-02-03,1529.0701904296875,1840.0,1860.0,1765.0,1785.0,125115700
2022-02-04,1504.139892578125,1810.0,1835.0,1805.0,1830.0,80295500
2022-02-07,1504.139892578125,1810.0,1835.0,1805.0,1810.0,74469900
2022-02-08,1487.5194091796875,1790.0,1825.0,1785.0,1820.0,90880800
2022-02-09,1479.2093505859375,1780.0,1800.0,1770.0,1790.0,73968100
2022-02-10,1562.3109130859375,1880.0,1905.0,1790.0,1795.0,255038700
2022-02-11,1533.2254638671875,1845.0,1900.0,1830.0,1890.0,112845700
2022-02-14,1570.62109375,1890.0,1900.0,1810.0,1840.0,126046500
2022-02-15,1562.3109130859375,1880.0,1910.0,1865.0,1890.0,80643100
2022-02-16,1562.3109130859375,1880.0,1895.0,1870.0,1890.0,48783800
2022-02-17,1616.3270263671875,1945.0,1945.0,1855.0,1885.0,118149300
2022-02-18,1736.824462890625,2090.0,2140.0,1955.0,1955.0,412835800
2022-02-21,1803.3057861328125,2170.0,2190.0,2100.0,2100.0,210845000
2022-02-22,1811.6158447265625,2180.0,2200.0,2100.0,2150.0,215581800
2022-02-23,1828.2362060546875,2200.0,2230.0,2170.0,2200.0,140926300
2022-02-24,1844.8564453125,2220.0,2240.0,2120.0,2190.0,303802600
2022-02-25,1844.8564453125,2220.0,2270.0,2200.0,2220.0,189907800
2022-03-01,1878.0972900390625,2260.0,2300.0,2230.0,2240.0,137694700
2022-03-02,1903.0277099609375,2290.0,2340.0,2280.0,2300.0,152871500
2022-03-04,2035.990478515625,2450.0,2460.0,2340.0,2350.0,320796500
2022-03-07,2343.46630859375,2820.0,2830.0,2480.0,2520.0,642031000
2022-03-08,2360.086669921875,2840.0,3170.0,2830.0,2990.0,1404951500
2022-03-09,2202.193603515625,2650.0,2740.0,2650.0,2650.0,706107000
2022-03-10,2135.71240234375,2570.0,2660.0,2490.0,2530.0,489605600
2022-03-11,2094.16162109375,2520.0,2660.0,2520.0,2590.0,359113700
2022-03-14,1994.4393310546875,2400.0,2540.0,2360.0,2520.0,394132400
2022-03-15,1969.5087890625,2370.0,2460.0,2350.0,2400.0,170695100
2022-03-16,1986.1292724609375,2390.0,2410.0,2270.0,2370.0,235835100
2022-03-17,1952.8887939453125,2350.0,2410.0,2330.0,2400.0,153546800
2022-03-18,1986.1292724609375,2390.0,2400.0,2320.0,2350.0,173667600
2022-03-21,1961.1988525390625,2360.0,2390.0,2330.0,2380.0,92728200
2022-03-22,2119.092041015625,2550.0,2560.0,2370.0,2380.0,321561500
2022-03-23,2077.541259765625,2500.0,2560.0,2460.0,2550.0,177608500
2022-03-24,2193.88330078125,2640.0,2650.0,2540.0,2600.0,269047800
2022-03-25,2210.503662109375,2660.0,2690.0,2610.0,2660.0,200436800
2022-03-28,2185.5732421875,2630.0,2660.0,2590.0,2650.0,121087900
2022-03-29,2102.4716796875,2530.0,2600.0,2510.0,2590.0,144731100
2022-03-30,2085.85107421875,2510.0,2570.0,2470.0,2530.0,131170000
2022-03-31,2027.6800537109375,2440.0,2540.0,2430.0,2530.0,97395700
2022-04-01,2085.85107421875,2510.0,2550.0,2420.0,2450.0,107947200
2022-04-04,2193.88330078125,2640.0,2650.0,2520.0,2530.0,138741900
2022-04-05,2218.814208984375,2670.0,2700.0,2610.0,2630.0,141698900
2022-04-06,2202.193603515625,2650.0,2690.0,2640.0,2670.0,98442600
2022-04-07,2293.60546875,2760.0,2820.0,2660.0,2670.0,286617900
2022-04-08,2326.84619140625,2800.0,2820.0,2740.0,2790.0,189362100
2022-04-11,2185.5732421875,2630.0,2810.0,2630.0,2800.0,163864600
2022-04-12,2218.814208984375,2670.0,2680.0,2580.0,2620.0,88390900
2022-04-13,2318.5361328125,2790.0,2800.0,2670.0,2690.0,143822800
2022-04-14,2310.225830078125,2780.0,2870.0,2750.0,2790.0,201698200
2022-04-18,2409.947509765625,2900.0,2930.0,2790.0,2800.0,190855400
2022-04-19,2368.39697265625,2850.0,2940.0,2830.0,2910.0,190460400
2022-04-20,2343.46630859375,2820.0,2880.0,2740.0,2880.0,137086000
2022-04-21,2318.5361328125,2790.0,2840.0,2760.0,2830.0,69884500
2022-04-22,2276.9853515625,2740.0,2810.0,2740.0,2770.0,82088900
2022-04-25,2177.26318359375,2620.0,2700.0,2600.0,2690.0,171951100
2022-04-26,2077.541259765625,2500.0,2640.0,2450.0,2630.0,229686600
2022-04-27,2127.402099609375,2560.0,2610.0,2500.0,2500.0,161589400
2022-04-28,2160.642578125,2600.0,2650.0,2570.0,2580.0,115518800
2022-05-09,2102.4716796875,2530.0,2550.0,2460.0,2500.0,165439100
2022-05-10,2011.0595703125,2420.0,2490.0,2360.0,2470.0,146403900
2022-05-11,1994.4393310546875,2400.0,2530.0,2400.0,2420.0,110097300
2022-05-12,1936.2684326171875,2330.0,2460.0,2290.0,2400.0,183788200
2022-05-13,1936.2684326171875,2330.0,2380.0,2300.0,2360.0,81842400
2022-05-17,1986.1292724609375,2390.0,2410.0,2340.0,2350.0,94097400
2022-05-18,1994.4393310546875,2400.0,2420.0,2360.0,2420.0,79223300
2022-05-19,2044.30029296875,2460.0,2490.0,2340.0,2380.0,122968900
2022-05-20,2069.23095703125,2490.0,2520.0,2460.0,2520.0,125630800
2022-05-23,2102.4716796875,2530.0,2670.0,2520.0,2560.0,244871700
2022-05-24,2135.71240234375,2570.0,2600.0,2530.0,2550.0,110538500
2022-05-25,2069.23095703125,2490.0,2580.0,2460.0,2560.0,115849600
2022-05-27,2052.610595703125,2470.0,2530.0,2460.0,2510.0,76174000
2022-05-30,2127.402099609375,2560.0,2570.0,2470.0,2500.0,125203400
2022-05-31,2085.85107421875,2510.0,2570.0,2500.0,2570.0,168242000
2022-06-02,2085.85107421875,2510.0,2560.0,2470.0,2500.0,116209300
2022-06-03,2077.541259765625,2500.0,2550.0,2500.0,2520.0,71245700
2022-06-06,2068.033935546875,2450.0,2490.0,2400.0,2460.0,93793800
2022-06-07,2042.7109375,2420.0,2470.0,2420.0,2450.0,64431900
2022-06-08,2042.7109375,2420.0,2440.0,2400.0,2430.0,57669200
2022-06-09,2025.828857421875,2400.0,2450.0,2380.0,2420.0,59980800
2022-06-10,1932.978515625,2290.0,2380.0,2280.0,2370.0,131007700
2022-06-13,1907.6556396484375,2260.0,2280.0,2200.0,2240.0,113102900
2022-06-14,1840.1279296875,2180.0,2260.0,2160.0,2240.0,140882200
2022-06-15,1831.68701171875,2170.0,2240.0,2120.0,2180.0,94872500
2022-06-16,1814.80517578125,2150.0,2230.0,2140.0,2200.0,99487000
2022-06-17,1781.0413818359375,2110.0,2140.0,2100.0,2120.0,70818600
2022-06-20,1747.277587890625,2070.0,2130.0,2050.0,2110.0,78282700
2022-06-21,1814.80517578125,2150.0,2150.0,2070.0,2080.0,83298700
2022-06-22,1705.07275390625,2020.0,2140.0,2020.0,2140.0,171508200
2022-06-23,1658.6475830078125,1965.0,2020.0,1955.0,2020.0,127468500
2022-06-24,1662.867919921875,1970.0,2000.0,1950.0,1950.0,73717900
2022-06-27,1595.34033203125,1890.0,1970.0,1885.0,1970.0,172003400
2022-06-28,1574.2379150390625,1865.0,1905.0,1860.0,1890.0,106446700
2022-06-29,1548.9151611328125,1835.0,1890.0,1835.0,1855.0,118684300
2022-06-30,1519.3717041015625,1800.0,1860.0,1800.0,1850.0,77824200
2022-07-01,1477.1669921875,1750.0,1810.0,1750.0,1795.0,114976000
2022-07-04,1451.8441162109375,1720.0,1770.0,1700.0,1750.0,101952600
2022-07-05,1510.9307861328125,1790.0,1820.0,1740.0,1740.0,123382000
2022-07-06,1451.8441162109375,1720.0,1780.0,1710.0,1775.0,96872200
2022-07-07,1451.8441162109375,1720.0,1735.0,1700.0,1715.0,73058900
2022-07-08,1447.62353515625,1715.0,1755.0,1710.0,1725.0,83303200
2022-07-11,1451.8441162109375,1720.0,1730.0,1705.0,1720.0,49575300
2022-07-12,1468.72607421875,1740.0,1770.0,1720.0,1720.0,88165200
2022-07-13,1451.8441162109375,1720.0,1755.0,1715.0,1740.0,50792800
2022-07-14,1392.7574462890625,1650.0,1725.0,1640.0,1720.0,165952800
2022-07-15,1299.9068603515625,1540.0,1605.0,1535.0,1600.0,227657100
2022-07-18,1316.7889404296875,1560.0,1595.0,1550.0,1575.0,137279400
2022-07-19,1396.977783203125,1655.0,1665.0,1575.0,1580.0,159974800
2022-07-20,1430.7418212890625,1695.0,1700.0,1670.0,1680.0,110080500
2022-07-21,1413.85986328125,1675.0,1710.0,1665.0,1695.0,49659100
2022-07-22,1502.4898681640625,1780.0,1785.0,1690.0,1690.0,129865600
2022-07-25,1481.3875732421875,1755.0,1825.0,1735.0,1800.0,105812300
2022-07-26,1510.9307861328125,1790.0,1800.0,1755.0,1755.0,63350000
2022-07-27,1506.71044921875,1785.0,1790.0,1770.0,1780.0,33964700
2022-07-28,1688.1907958984375,2000.0,2030.0,1805.0,1815.0,342364100
2022-07-29,1650.20654296875,1955.0,2070.0,1945.0,2020.0,152840800
2022-08-01,1755.718505859375,2080.0,2100.0,1990.0,2030.0,243188600
2022-08-02,1683.970458984375,1995.0,2080.0,1990.0,2080.0,150196700
2022-08-03,1662.867919921875,1970.0,1990.0,1915.0,1975.0,102367400
2022-08-04,1662.867919921875,1970.0,2020.0,1950.0,1980.0,76571800
2022-08-05,1705.07275390625,2020.0,2030.0,1970.0,2000.0,85399300
2022-08-08,1738.8365478515625,2060.0,2070.0,1985.0,2010.0,130808300
2022-08-09,1840.1279296875,2180.0,2230.0,2070.0,2080.0,405818700
2022-08-10,1789.482177734375,2120.0,2180.0,2110.0,2180.0,148697800
2022-08-11,1890.773681640625,2240.0,2270.0,2180.0,2200.0,278414000
2022-08-12,1873.8919677734375,2220.0,2270.0,2210.0,2240.0,121265600
2022-08-15,1797.92333984375,2130.0,2240.0,2120.0,2230.0,111112000
2022-08-16,1755.718505859375,2080.0,2140.0,2070.0,2130.0,117043800
2022-08-18,1730.3956298828125,2050.0,2110.0,2030.0,2070.0,116651400
2022-08-19,1738.8365478515625,2060.0,2090.0,2030.0,2050.0,101507400
2022-08-22,1675.5294189453125,1985.0,2070.0,1980.0,2060.0,140299600
2022-08-23,1713.513671875,2030.0,2050.0,1965.0,1985.0,87682800
2022-08-24,1696.6317138671875,2010.0,2040.0,2000.0,2020.0,54617900
2022-08-25,1683.970458984375,1995.0,2040.0,1985.0,2010.0,90209100
2022-08-26,1650.20654296875,1955.0,2000.0,1955.0,1995.0,135647800
2022-08-29,1603.7813720703125,1900.0,1925.0,1865.0,1920.0,117016500
2022-08-30,1675.5294189453125,1985.0,2010.0,1910.0,1920.0,139215000
2022-08-31,1679.7498779296875,1990.0,1990.0,1925.0,1985.0,134229100
2022-09-01,1633.32470703125,1935.0,1985.0,1930.0,1985.0,63085900
2022-09-02,1603.7813720703125,1900.0,1930.0,1900.0,1930.0,105457000
2022-09-05,1662.867919921875,1970.0,1985.0,1870.0,1880.0,131398400
2022-09-06,1679.7498779296875,1990.0,2040.0,1975.0,2010.0,138906100
2022-09-07,1645.986083984375,1950.0,1990.0,1940.0,1975.0,81794000
2022-09-08,1620.6632080078125,1920.0,1975.0,1920.0,1970.0,78962000
2022-09-09,1667.08837890625,1975.0,1985.0,1920.0,1940.0,75063600
2022-09-12,1671.3089599609375,1980.0,2020.0,1980.0,2010.0,96249700
2022-09-13,1747.277587890625,2070.0,2100.0,2030.0,2030.0,282112800
2022-09-14,1789.482177734375,2120.0,2120.0,1990.0,2010.0,230625300
2022-09-15,1747.277587890625,2070.0,2150.0,2060.0,2130.0,147893600
2022-09-16,1721.95458984375,2040.0,2050.0,2000.0,2030.0,97988100
2022-09-19,1730.3956298828125,2050.0,2090.0,2020.0,2080.0,80428100
2022-09-20,1730.3956298828125,2050.0,2080.0,2040.0,2080.0,46000700
2022-09-21,1755.718505859375,2080.0,2100.0,2020.0,2060.0,122337200
2022-09-22,1755.718505859375,2080.0,2090.0,2040.0,2050.0,56857200
2022-09-23,1721.95458984375,2040.0,2090.0,2030.0,2080.0,54897400
2022-09-26,1662.867919921875,1970.0,2000.0,1970.0,1995.0,95293700
2022-09-27,1658.6475830078125,1965.0,1975.0,1930.0,1955.0,75589600
2022-09-28,1624.8836669921875,1925.0,1950.0,1925.0,1945.0,70315600
2022-09-29,1620.6632080078125,1920.0,1960.0,1910.0,1945.0,48688700
2022-09-30,1637.5450439453125,1940.0,1940.0,1885.0,1925.0,61879600
2022-10-03,1595.34033203125,1890.0,1920.0,1890.0,1900.0,57708700
2022-10-04,1624.8836669921875,1925.0,1935.0,1910.0,1920.0,73564600
2022-10-05,1637.5450439453125,1940.0,1975.0,1940.0,1945.0,84847500
2022-10-06,1629.1041259765625,1930.0,1965.0,1925.0,1955.0,46688800
2022-10-07,1633.32470703125,1935.0,1950.0,1925.0,1935.0,28671100
2022-10-10,1612.22216796875,1910.0,1925.0,1895.0,1920.0,29237400
2022-10-11,1599.560791015625,1895.0,1915.0,1890.0,1910.0,23307600
2022-10-12,1586.8992919921875,1880.0,1915.0,1860.0,1895.0,45420900
2022-10-13,1544.694580078125,1830.0,1895.0,1820.0,1890.0,61806000
2022-10-14,1536.253662109375,1820.0,1865.0,1820.0,1855.0,35742200
2022-10-17,1523.5921630859375,1805.0,1810.0,1765.0,1810.0,44920200
2022-10-18,1515.1512451171875,1795.0,1830.0,1790.0,1810.0,29114900
2022-10-19,1540.47412109375,1825.0,1840.0,1765.0,1800.0,50663500
2022-10-20,1536.253662109375,1820.0,1835.0,1805.0,1815.0,55821200
2022-10-21,1519.3717041015625,1800.0,1830.0,1795.0,1825.0,53313900
2022-10-24,1515.1512451171875,1795.0,1825.0,1790.0,1805.0,42005500
2022-10-25,1494.0489501953125,1770.0,1810.0,1760.0,1800.0,61312200
2022-10-26,1527.812744140625,1810.0,1830.0,1775.0,1775.0,93571200
2022-10-27,1553.1356201171875,1840.0,1880.0,1815.0,1820.0,117436400
2022-10-28,1548.9151611328125,1835.0,1850.0,1805.0,1845.0,48489400
2022-10-31,1557.3560791015625,1845.0,1850.0,1825.0,1840.0,32276200
2022-11-01,1527.812744140625,1810.0,1845.0,1805.0,1845.0,27067000
2022-11-02,1574.2379150390625,1865.0,1895.0,1850.0,1865.0,112301800
2022-11-03,1544.694580078125,1830.0,1875.0,1825.0,1865.0,55063600
2022-11-04,1616.4427490234375,1915.0,1915.0,1805.0,1830.0,94024700
2022-11-07,1688.1907958984375,2000.0,2010.0,1930.0,1930.0,213462800
2022-11-08,1675.5294189453125,1985.0,2040.0,1970.0,2010.0,102934900
2022-11-09,1688.1907958984375,2000.0,2060.0,1995.0,2010.0,109456900
2022-11-10,1688.1907958984375,2000.0,2020.0,1985.0,2000.0,111703400
2022-11-11,1789.482177734375,2120.0,2130.0,2050.0,2080.0,262785800
2022-11-14,1789.482177734375,2120.0,2170.0,2100.0,2150.0,148342000
2022-11-15,1823.2462158203125,2160.0,2220.0,2130.0,2160.0,165401200
2022-11-16,1713.513671875,2030.0,2180.0,2020.0,2180.0,174441800
2022-11-17,1667.08837890625,1975.0,1995.0,1940.0,1985.0,149717300
2022-11-18,1654.427001953125,1960.0,1985.0,1950.0,1955.0,59274700
2022-11-21,1654.427001953125,1960.0,2000.0,1955.0,1980.0,54986700
2022-11-22,1633.32470703125,1935.0,1970.0,1930.0,1960.0,56464900
2022-11-23,1667.08837890625,1975.0,1985.0,1955.0,1970.0,55881800
2022-11-24,1662.867919921875,1970.0,1990.0,1960.0,1975.0,35329400
2022-11-25,1645.986083984375,1950.0,1975.0,1945.0,1970.0,30261700
2022-11-28,1616.4427490234375,1915.0,1945.0,1910.0,1945.0,64871100
2022-11-29,1658.6475830078125,1965.0,1965.0,1925.0,1935.0,56748100
2022-11-30,1675.5294189453125,1985.0,1990.0,1965.0,1980.0,119645000
2022-12-01,1721.95458984375,2040.0,2060.0,1985.0,2000.0,119554800
2022-12-02,1721.95458984375,2040.0,2060.0,2020.0,2050.0,71325000
2022-12-05,1738.8365478515625,2060.0,2080.0,2040.0,2070.0,61782900
2022-12-06,1658.6475830078125,1965.0,2050.0,1945.0,2050.0,67396800
2022-12-07,1620.6632080078125,1920.0,1985.0,1900.0,1965.0,81990800
2022-12-08,1679.7498779296875,1990.0,1995.0,1920.0,1960.0,67037700
2022-12-09,1633.32470703125,1935.0,1980.0,1930.0,1960.0,49685200
2022-12-12,1645.986083984375,1950.0,1960.0,1915.0,1930.0,31247700
2022-12-13,1629.1041259765625,1930.0,1965.0,1930.0,1960.0,57151100
2022-12-14,1637.5450439453125,1940.0,1945.0,1915.0,1930.0,47643500
2022-12-15,1633.32470703125,1935.0,1940.0,1920.0,1940.0,33879300
2022-12-16,1705.07275390625,2020.0,2030.0,1915.0,1915.0,96998400
2022-12-19,1721.95458984375,2040.0,2060.0,2000.0,2030.0,84860900
2022-12-20,1696.6317138671875,2010.0,2030.0,1985.0,2030.0,52011600
2022-12-21,1721.95458984375,2040.0,2070.0,2020.0,2020.0,63043600
2022-12-22,1713.513671875,2030.0,2080.0,2020.0,2070.0,38430500
2022-12-23,1688.1907958984375,2000.0,2030.0,1995.0,2030.0,33726500
2022-12-26,1688.1907958984375,2000.0,2030.0,1995.0,2010.0,15934600
2022-12-27,1679.7498779296875,1990.0,2040.0,1985.0,2010.0,36854400
2022-12-28,1696.6317138671875,2010.0,2010.0,1940.0,1990.0,62750900
2022-12-29,1696.6317138671875,2010.0,2020.0,1970.0,2000.0,43604000
2022-12-30,1675.5294189453125,1985.0,2020.0,1985.0,2010.0,23123000
2023-01-02,1671.3089599609375,1980.0,2010.0,1975.0,1990.0,15045200
2023-01-03,1688.1907958984375,2000.0,2020.0,1975.0,1980.0,45001200
2023-01-04,1730.3956298828125,2050.0,2100.0,2010.0,2020.0,142169900
2023-01-05,1658.6475830078125,1965.0,2050.0,1935.0,2020.0,130118600
2023-01-06,1675.5294189453125,1985.0,1985.0,1930.0,1950.0,55673400
2023-01-09,1738.8365478515625,2060.0,2070.0,2010.0,2010.0,118054500
2023-01-10,1721.95458984375,2040.0,2060.0,2000.0,2040.0,57625700
2023-01-11,1747.277587890625,2070.0,2070.0,2020.0,2050.0,48480600
2023-01-12,1797.92333984375,2130.0,2140.0,2040.0,2060.0,185136300
2023-01-13,1814.80517578125,2150.0,2170.0,2090.0,2150.0,148853000
2023-01-16,1840.1279296875,2180.0,2200.0,2150.0,2160.0,92259000
2023-01-17,1916.0965576171875,2270.0,2290.0,2180.0,2200.0,242582700
2023-01-18,1907.6556396484375,2260.0,2270.0,2210.0,2260.0,122109900
2023-01-19,1916.0965576171875,2270.0,2320.0,2270.0,2290.0,132011300
2023-01-20,1958.3013916015625,2320.0,2340.0,2280.0,2300.0,113403800
2023-01-24,1958.3013916015625,2320.0,2350.0,2280.0,2320.0,65599100
2023-01-25,1932.978515625,2290.0,2350.0,2250.0,2340.0,55275800
2023-01-26,1958.3013916015625,2320.0,2370.0,2300.0,2330.0,91463800
2023-01-27,1941.41943359375,2300.0,2330.0,2290.0,2330.0,36469600
2023-01-30,1932.978515625,2290.0,2310.0,2250.0,2300.0,58533200
2023-01-31,1949.860595703125,2310.0,2340.0,2290.0,2300.0,56896100
2023-02-01,2000.5059814453125,2370.0,2390.0,2320.0,2340.0,134564600
2023-02-02,1983.624267578125,2350.0,2380.0,2320.0,2350.0,55219600
2023-02-03,1966.7423095703125,2330.0,2380.0,2280.0,2380.0,69916100
2023-02-06,1916.0965576171875,2270.0,2320.0,2260.0,2280.0,60509800
2023-02-07,1899.21484375,2250.0,2260.0,2190.0,2250.0,130229800
2023-02-08,1890.773681640625,2240.0,2280.0,2220.0,2260.0,52970000
2023-02-09,1873.8919677734375,2220.0,2260.0,2220.0,2240.0,50507500
2023-02-10,1873.8919677734375,2220.0,2250.0,2180.0,2250.0,77590000
2023-02-13,1890.773681640625,2240.0,2240.0,2200.0,2210.0,27137900
2023-02-14,1865.4508056640625,2210.0,2250.0,2200.0,2240.0,47466500
2023-02-15,1857.0098876953125,2200.0,2230.0,2160.0,2200.0,66560400
2023-02-16,1781.0413818359375,2110.0,2210.0,2100.0,2200.0,130493400
2023-02-17,1764.1593017578125,2090.0,2140.0,2060.0,2100.0,90798900
2023-02-20,1755.718505859375,2080.0,2090.0,2020.0,2080.0,99587300
2023-02-21,1755.718505859375,2080.0,2130.0,2070.0,2110.0,70008500
2023-02-22,1730.3956298828125,2050.0,2090.0,2030.0,2080.0,74407800
2023-02-23,1713.513671875,2030.0,2060.0,2000.0,2050.0,74657800
2023-02-24,1688.1907958984375,2000.0,2040.0,2000.0,2020.0,48747500
2023-02-27,1696.6317138671875,2010.0,2040.0,1985.0,2000.0,60281100
2023-02-28,1679.7498779296875,1990.0,2040.0,1990.0,2030.0,99649100
2023-03-01,1688.1907958984375,2000.0,2020.0,1975.0,1990.0,49985200
2023-03-02,1696.6317138671875,2010.0,2040.0,2000.0,2010.0,57745800
2023-03-03,1683.970458984375,1995.0,2040.0,1985.0,2010.0,63901300
2023-03-06,1654.427001953125,1960.0,2020.0,1955.0,2000.0,74031000
2023-03-07,1637.5450439453125,1940.0,1970.0,1930.0,1960.0,76557300
2023-03-08,1591.119873046875,1885.0,1930.0,1870.0,1920.0,144493200
2023-03-09,1582.678955078125,1875.0,1910.0,1870.0,1885.0,75244200
2023-03-10,1586.8992919921875,1880.0,1895.0,1850.0,1865.0,96320400
2023-03-13,1561.5765380859375,1850.0,1890.0,1850.0,1890.0,60375200
2023-03-14,1532.033203125,1815.0,1885.0,1810.0,1865.0,107452200
2023-03-15,1565.7969970703125,1855.0,1865.0,1825.0,1825.0,67314600
2023-03-16,1515.1512451171875,1795.0,1855.0,1770.0,1850.0,98076300
2023-03-17,1599.560791015625,1895.0,1895.0,1810.0,1815.0,109506100
2023-03-20,1603.7813720703125,1900.0,1930.0,1875.0,1905.0,60151400
2023-03-21,1591.119873046875,1885.0,1915.0,1885.0,1910.0,36252300
2023-03-24,1599.560791015625,1895.0,1940.0,1885.0,1895.0,78590800
2023-03-27,1654.427001953125,1960.0,2010.0,1935.0,1935.0,128759700
2023-03-28,1683.970458984375,1995.0,2010.0,1970.0,1970.0,71821100
2023-03-29,1755.718505859375,2080.0,2090.0,2000.0,2000.0,147076200
2023-03-30,1764.1593017578125,2090.0,2090.0,2040.0,2070.0,83062700
2023-03-31,1764.1593017578125,2090.0,2100.0,2050.0,2080.0,63907600
2023-04-03,1764.1593017578125,2090.0,2110.0,2070.0,2100.0,48072300
2023-04-04,1730.3956298828125,2050.0,2100.0,2040.0,2090.0,64915300
2023-04-05,1772.6004638671875,2100.0,2150.0,2070.0,2070.0,112473600
2023-04-06,1772.6004638671875,2100.0,2120.0,2080.0,2100.0,73515100
2023-04-10,1705.07275390625,2020.0,2100.0,2010.0,2100.0,50599000
2023-04-11,1781.0413818359375,2110.0,2110.0,2030.0,2030.0,86677500
2023-04-12,1781.0413818359375,2110.0,2140.0,2100.0,2120.0,61352700
2023-04-13,1797.92333984375,2130.0,2130.0,2100.0,2110.0,46749000
2023-04-14,1781.0413818359375,2110.0,2160.0,2110.0,2140.0,96329700
2023-04-17,1789.482177734375,2120.0,2140.0,2100.0,2130.0,45802200
2023-04-18,1772.6004638671875,2100.0,2130.0,2080.0,2120.0,41960600
2023-04-26,1781.0413818359375,2110.0,2110.0,2060.0,2080.0,53065900
2023-04-27,1755.718505859375,2080.0,2120.0,2080.0,2120.0,24606800
2023-04-28,1772.6004638671875,2100.0,2110.0,2070.0,2090.0,38485900
2023-05-02,1738.8365478515625,2060.0,2100.0,2030.0,2090.0,45566000
2023-05-03,1789.482177734375,2120.0,2150.0,2100.0,2110.0,84879600
2023-05-04,1797.92333984375,2130.0,2150.0,2110.0,2140.0,56925500
2023-05-05,1721.95458984375,2040.0,2130.0,2020.0,2130.0,65433100
2023-05-08,1747.277587890625,2070.0,2090.0,2040.0,2060.0,29706800
2023-05-09,1781.0413818359375,2110.0,2120.0,2070.0,2080.0,38860300
2023-05-10,1772.6004638671875,2100.0,2120.0,2070.0,2110.0,29596100
2023-05-11,1721.95458984375,2040.0,2080.0,2030.0,2080.0,60984800
2023-05-12,1688.1907958984375,2000.0,2030.0,1990.0,2030.0,55827200
2023-05-15,1679.7498779296875,1990.0,2020.0,1970.0,2000.0,52156000
2023-05-16,1662.867919921875,1970.0,2000.0,1955.0,1990.0,46780700
2023-05-17,1633.32470703125,1935.0,1965.0,1915.0,1960.0,57535100
2023-05-19,1650.20654296875,1955.0,1970.0,1920.0,1935.0,45974800
2023-05-22,1637.5450439453125,1940.0,1990.0,1935.0,1960.0,51978000
2023-05-23,1641.7655029296875,1945.0,1970.0,1940.0,1940.0,50066400
2023-05-24,1645.986083984375,1950.0,1960.0,1945.0,1950.0,25578300
2023-05-25,1641.7655029296875,1945.0,1965.0,1940.0,1950.0,30649800
2023-05-26,1620.6632080078125,1920.0,1950.0,1920.0,1945.0,35480500
2023-05-29,1633.32470703125,1935.0,1935.0,1905.0,1920.0,33236600
2023-05-30,1637.5450439453125,1940.0,1960.0,1930.0,1935.0,20104800
2023-05-31,1599.560791015625,1895.0,1945.0,1895.0,1940.0,112564800
2023-06-05,1667.08837890625,1975.0,1995.0,1905.0,1905.0,65371800
2023-06-06,1696.6317138671875,2010.0,2030.0,1985.0,1985.0,49988100
2023-06-07,1705.07275390625,2020.0,2030.0,1990.0,2010.0,33846900
2023-06-08,1675.5294189453125,1985.0,2040.0,1985.0,2040.0,36123800
2023-06-09,1667.08837890625,1975.0,1995.0,1970.0,1985.0,24991800
2023-06-12,1683.970458984375,1995.0,2000.0,1975.0,1980.0,23090500
2023-06-13,1696.6317138671875,2010.0,2020.0,1980.0,1995.0,27907100
2023-06-14,1713.513671875,2030.0,2050.0,2010.0,2040.0,54535600
2023-06-15,1721.95458984375,2040.0,2050.0,2010.0,2040.0,44386500
2023-06-16,1738.8365478515625,2060.0,2060.0,2020.0,2060.0,34334100
2023-06-19,1713.513671875,2030.0,2060.0,2020.0,2060.0,11742200
2023-06-20,1705.07275390625,2020.0,2040.0,2010.0,2030.0,16397800
2023-06-21,1696.6317138671875,2010.0,2030.0,2000.0,2010.0,19148800
2023-06-22,1696.6317138671875,2010.0,2060.0,2010.0,2010.0,40103700
2023-06-23,1696.6317138671875,2010.0,2030.0,2000.0,2020.0,30401200
2023-06-26,1713.77099609375,1950.0,1975.0,1935.0,1950.0,42017600
2023-06-27,1713.77099609375,1950.0,1965.0,1950.0,1955.0,18194100
2023-07-03,1726.953857421875,1965.0,1990.0,1955.0,1955.0,20374900
2023-07-04,1731.3480224609375,1970.0,1980.0,1960.0,1970.0,16313500
2023-07-05,1744.5308837890625,1985.0,1990.0,1960.0,1970.0,35622000
2023-07-06,1775.2908935546875,2020.0,2050.0,1990.0,1995.0,88546800
2023-07-07,1735.7423095703125,1975.0,2020.0,1975.0,2020.0,40420700
2023-07-10,1740.13671875,1980.0,1995.0,1980.0,1985.0,14134300
2023-07-11,1757.7137451171875,2000.0,2000.0,1980.0,1985.0,19295300
2023-07-12,1748.9251708984375,1990.0,2010.0,1990.0,2010.0,21168800
2023-07-13,1748.9251708984375,1990.0,2030.0,1990.0,2010.0,36336200
2023-07-14,1757.7137451171875,2000.0,2020.0,1995.0,1995.0,21060000
2023-07-17,1748.9251708984375,1990.0,2020.0,1990.0,2010.0,21903600
2023-07-18,1748.9251708984375,1990.0,2010.0,1975.0,2000.0,25067900
2023-07-20,1748.9251708984375,1990.0,2010.0,1980.0,2000.0,31137300
2023-07-21,1735.7423095703125,1975.0,2000.0,1975.0,2000.0,30200700
2023-07-24,1735.7423095703125,1975.0,1990.0,1975.0,1975.0,19326300
2023-07-25,1735.7423095703125,1975.0,2000.0,1975.0,1985.0,25532000
2023-07-26,1744.5308837890625,1985.0,2010.0,1980.0,1995.0,35649600
2023-07-27,1731.3480224609375,1970.0,1990.0,1970.0,1985.0,21145100
2023-07-28,1722.5594482421875,1960.0,1975.0,1955.0,1970.0,36810200
2023-07-31,1744.5308837890625,1985.0,1990.0,1960.0,1965.0,33449700
2023-08-01,1792.8680419921875,2040.0,2060.0,1990.0,2000.0,136288500
2023-08-02,1766.5023193359375,2010.0,2050.0,1990.0,2050.0,78406600
2023-08-03,1766.5023193359375,2010.0,2020.0,1990.0,2000.0,38816800
2023-08-04,1775.2908935546875,2020.0,2040.0,2000.0,2010.0,40798600
2023-08-07,1792.8680419921875,2040.0,2050.0,2020.0,2030.0,41290300
2023-08-08,1766.5023193359375,2010.0,2050.0,2000.0,2050.0,22252100
2023-08-09,1766.5023193359375,2010.0,2020.0,1990.0,2010.0,28570200
2023-08-10,1748.9251708984375,1990.0,2020.0,1990.0,2000.0,25992700
2023-08-11,1748.9251708984375,1990.0,2000.0,1980.0,1995.0,24628600
2023-08-14,1757.7137451171875,2000.0,2000.0,1970.0,1990.0,28640500
2023-08-15,1748.9251708984375,1990.0,2000.0,1985.0,1995.0,23413100
2023-08-16,1722.5594482421875,1960.0,1990.0,1960.0,1985.0,62356300
2023-08-18,1713.77099609375,1950.0,1970.0,1945.0,1960.0,42360900
2023-08-21,1713.77099609375,1950.0,1965.0,1950.0,1950.0,18371900
2023-08-22,1709.3765869140625,1945.0,1960.0,1935.0,1950.0,36188400
2023-08-23,1718.1651611328125,1955.0,1965.0,1950.0,1950.0,35653600
2023-08-24,1753.319580078125,1995.0,2020.0,1975.0,1975.0,81402400
2023-08-25,1748.9251708984375,1990.0,2010.0,1980.0,1995.0,34868200
2023-08-28,1753.319580078125,1995.0,2010.0,1980.0,1995.0,20521600
2023-08-29,1753.319580078125,1995.0,2000.0,1980.0,1995.0,23010600
2023-08-30,1753.319580078125,1995.0,2010.0,1995.0,2010.0,31964100
2023-08-31,1748.9251708984375,1990.0,2010.0,1975.0,1995.0,34775700
2023-09-01,1718.1651611328125,1955.0,1970.0,1925.0,1925.0,89347300
2023-09-04,1713.77099609375,1950.0,1980.0,1950.0,1975.0,50595200
2023-09-05,1713.77099609375,1950.0,1970.0,1945.0,1950.0,30663500
2023-09-06,1709.3765869140625,1945.0,1965.0,1945.0,1950.0,46818400
2023-09-07,1718.1651611328125,1955.0,1955.0,1940.0,1945.0,29131200
2023-09-08,1709.3765869140625,1945.0,1960.0,1940.0,1955.0,28062400
2023-09-11,1718.1651611328125,1955.0,1955.0,1930.0,1945.0,28507500
2023-09-12,1709.3765869140625,1945.0,1960.0,1940.0,1960.0,19270100
2023-09-13,1683.010986328125,1915.0,1950.0,1910.0,1950.0,42991700
2023-09-14,1669.828125,1900.0,1935.0,1895.0,1920.0,53126700
2023-09-15,1669.828125,1900.0,1920.0,1895.0,1900.0,46983300
2023-09-18,1621.490966796875,1845.0,1910.0,1845.0,1900.0,55122100
2023-09-19,1617.0966796875,1840.0,1870.0,1815.0,1835.0,50949200
2023-09-20,1634.673828125,1860.0,1875.0,1845.0,1845.0,30863900
2023-09-21,1612.702392578125,1835.0,1875.0,1830.0,1860.0,39716700
2023-09-22,1625.88525390625,1850.0,1865.0,1835.0,1835.0,20902800
2023-09-25,1625.88525390625,1850.0,1865.0,1845.0,1855.0,15640300
2023-09-26,1617.0966796875,1840.0,1855.0,1830.0,1850.0,23825200
2023-09-27,1599.51953125,1820.0,1845.0,1820.0,1840.0,17418400
2023-09-29,1595.125244140625,1815.0,1830.0,1815.0,1820.0,23052100
2023-10-02,1586.336669921875,1805.0,1825.0,1800.0,1815.0,25415600
2023-10-03,1551.182373046875,1765.0,1810.0,1765.0,1805.0,42107800
2023-10-04,1529.2110595703125,1740.0,1780.0,1735.0,1780.0,34753800
2023-10-05,1498.4510498046875,1705.0,1760.0,1705.0,1745.0,44516900
2023-10-06,1507.239501953125,1715.0,1740.0,1705.0,1705.0,33650000
2023-10-09,1590.73095703125,1810.0,1835.0,1735.0,1735.0,63728500
2023-10-10,1595.125244140625,1815.0,1860.0,1815.0,1830.0,36959900
2023-10-11,1595.125244140625,1815.0,1850.0,1815.0,1825.0,27092400
2023-10-12,1559.970947265625,1775.0,1835.0,1775.0,1825.0,41983500
2023-10-13,1542.3939208984375,1755.0,1775.0,1750.0,1775.0,32334300
2023-10-16,1586.336669921875,1805.0,1820.0,1785.0,1785.0,47543000
2023-10-17,1590.73095703125,1810.0,1820.0,1790.0,1810.0,22543800
2023-10-18,1625.88525390625,1850.0,1850.0,1815.0,1815.0,28110900
2023-10-19,1595.125244140625,1815.0,1850.0,1795.0,1850.0,32542000
2023-10-20,1603.913818359375,1825.0,1845.0,1805.0,1825.0,17059500
2023-10-23,1537.99951171875,1750.0,1825.0,1745.0,1825.0,37513800
2023-10-24,1551.182373046875,1765.0,1780.0,1735.0,1745.0,18292500
2023-10-25,1520.42236328125,1730.0,1780.0,1730.0,1770.0,30552900
2023-10-26,1520.42236328125,1730.0,1755.0,1730.0,1735.0,16159400
2023-10-27,1516.0281982421875,1725.0,1745.0,1725.0,1735.0,11293000
2023-10-30,1516.0281982421875,1725.0,1745.0,1715.0,1730.0,14473600
2023-10-31,1498.4510498046875,1705.0,1740.0,1705.0,1725.0,34363300
2023-11-01,1450.1138916015625,1650.0,1715.0,1650.0,1705.0,43647900
2023-11-02,1450.1138916015625,1650.0,1685.0,1650.0,1655.0,31660400
2023-11-03,1454.508056640625,1655.0,1675.0,1650.0,1660.0,27879000
2023-11-06,1494.056640625,1700.0,1700.0,1660.0,1665.0,36428600
2023-11-07,1485.2681884765625,1690.0,1715.0,1675.0,1710.0,22153500
2023-11-08,1458.9024658203125,1660.0,1685.0,1650.0,1680.0,29121500
2023-11-09,1454.508056640625,1655.0,1670.0,1650.0,1660.0,15805800
2023-11-10,1428.1424560546875,1625.0,1665.0,1625.0,1655.0,22031500
2023-11-13,1423.7481689453125,1620.0,1635.0,1610.0,1625.0,25305600
2023-11-14,1423.7481689453125,1620.0,1640.0,1610.0,1620.0,22911400
2023-11-15,1441.3253173828125,1640.0,1675.0,1630.0,1630.0,63104500
2023-11-16,1450.1138916015625,1650.0,1655.0,1625.0,1640.0,18218200
2023-11-17,1436.9310302734375,1635.0,1650.0,1620.0,1645.0,26463700
2023-11-20,1414.9595947265625,1610.0,1640.0,1600.0,1635.0,32144100
2023-11-21,1423.7481689453125,1620.0,1640.0,1610.0,1615.0,23501100
2023-11-22,1410.5653076171875,1605.0,1635.0,1605.0,1635.0,24708100
2023-11-23,1406.1710205078125,1600.0,1615.0,1580.0,1600.0,24227300
2023-11-24,1410.5653076171875,1605.0,1620.0,1600.0,1600.0,13563500
2023-11-27,1423.7481689453125,1620.0,1625.0,1610.0,1610.0,23279700
2023-11-28,1454.508056640625,1655.0,1670.0,1620.0,1630.0,42651500
2023-11-29,1494.056640625,1700.0,1735.0,1680.0,1680.0,89761900
2023-11-30,1529.2110595703125,1740.0,1740.0,1675.0,1705.0,75641800
2023-12-01,1498.4510498046875,1705.0,1725.0,1695.0,1710.0,41222800
2023-12-04,1537.99951171875,1750.0,1810.0,1735.0,1740.0,108764700
2023-12-05,1533.605224609375,1745.0,1745.0,1720.0,1745.0,36711700
2023-12-06,1494.056640625,1700.0,1740.0,1700.0,1740.0,38302400
2023-12-07,1436.9310302734375,1635.0,1705.0,1635.0,1700.0,50450100
2023-12-08,1480.873779296875,1685.0,1690.0,1645.0,1650.0,41337300
2023-12-11,1454.508056640625,1655.0,1675.0,1640.0,1675.0,29210100
2023-12-12,1428.1424560546875,1625.0,1655.0,1610.0,1655.0,29865200
2023-12-13,1401.7767333984375,1595.0,1625.0,1590.0,1625.0,33258000
2023-12-14,1441.3253173828125,1640.0,1650.0,1625.0,1625.0,42144600
2023-12-15,1467.69091796875,1670.0,1670.0,1640.0,1650.0,34436800
2023-12-18,1463.2967529296875,1665.0,1675.0,1620.0,1670.0,34081200
2023-12-19,1441.3253173828125,1640.0,1650.0,1625.0,1650.0,10954000
2023-12-20,1436.9310302734375,1635.0,1665.0,1635.0,1640.0,33524500
2023-12-21,1436.9310302734375,1635.0,1645.0,1625.0,1635.0,14967800
2023-12-22,1463.2967529296875,1665.0,1665.0,1640.0,1640.0,24415400
2023-12-27,1524.816650390625,1735.0,1745.0,1675.0,1675.0,86013100
2023-12-28,1507.239501953125,1715.0,1800.0,1705.0,1750.0,115723900
2023-12-29,1498.4510498046875,1705.0,1785.0,1705.0,1720.0,83597900
2024-01-02,1524.816650390625,1735.0,1735.0,1710.0,1715.0,24718300
2024-01-03,1494.056640625,1700.0,1735.0,1700.0,1735.0,37300200
2024-01-04,1480.873779296875,1685.0,1725.0,1680.0,1700.0,50670900
2024-01-05,1472.0853271484375,1675.0,1695.0,1675.0,1690.0,27724900
2024-01-08,1450.1138916015625,1650.0,1710.0,1650.0,1680.0,38882100
2024-01-09,1445.7196044921875,1645.0,1670.0,1630.0,1650.0,35557300
2024-01-10,1454.508056640625,1655.0,1670.0,1635.0,1650.0,23255700
2024-01-11,1436.9310302734375,1635.0,1670.0,1635.0,1660.0,23738400
2024-01-12,1428.1424560546875,1625.0,1645.0,1620.0,1635.0,37633100
2024-01-15,1410.5653076171875,1605.0,1640.0,1605.0,1630.0,41059100
2024-01-16,1410.5653076171875,1605.0,1625.0,1600.0,1610.0,28690900
2024-01-17,1410.5653076171875,1605.0,1620.0,1600.0,1620.0,22340500
2024-01-18,1423.7481689453125,1620.0,1635.0,1600.0,1605.0,42791800
2024-01-19,1445.7196044921875,1645.0,1705.0,1640.0,1670.0,138276200
2024-01-22,1445.7196044921875,1645.0,1665.0,1640.0,1645.0,40064300
2024-01-23,1414.9595947265625,1610.0,1650.0,1605.0,1645.0,45771000
2024-01-24,1349.0452880859375,1535.0,1620.0,1525.0,1610.0,100907600
2024-01-25,1366.6224365234375,1555.0,1590.0,1535.0,1535.0,53174200
2024-01-26,1384.19970703125,1575.0,1580.0,1555.0,1560.0,36596700
2024-01-29,1375.4110107421875,1565.0,1595.0,1550.0,1575.0,25068100
2024-01-30,1375.4110107421875,1565.0,1570.0,1560.0,1565.0,21896800
2024-01-31,1362.2281494140625,1550.0,1585.0,1550.0,1565.0,23365800
2024-02-01,1349.0452880859375,1535.0,1570.0,1535.0,1550.0,21202800
2024-02-02,1340.2567138671875,1525.0,1550.0,1525.0,1535.0,46157600
2024-02-05,1265.553955078125,1440.0,1540.0,1440.0,1525.0,109746600
2024-02-06,1252.37109375,1425.0,1470.0,1410.0,1445.0,59462600
2024-02-07,1239.188232421875,1410.0,1440.0,1405.0,1430.0,51571600
2024-02-12,1287.525390625,1465.0,1470.0,1415.0,1415.0,38567300
2024-02-13,1357.833984375,1545.0,1580.0,1485.0,1515.0,140446400
2024-02-15,1353.4395751953125,1540.0,1580.0,1535.0,1570.0,62446100
2024-02-16,1344.651123046875,1530.0,1560.0,1530.0,1545.0,27133500
2024-02-19,1331.46826171875,1515.0,1545.0,1505.0,1545.0,25251500
2024-02-20,1322.6795654296875,1505.0,1525.0,1505.0,1515.0,29689600
2024-02-21,1291.919677734375,1470.0,1515.0,1455.0,1505.0,49738700
2024-02-22,1318.285400390625,1500.0,1520.0,1480.0,1480.0,46945600
2024-02-23,1362.2281494140625,1550.0,1550.0,1505.0,1525.0,58962900
2024-02-26,1331.46826171875,1515.0,1565.0,1510.0,1555.0,26407900
2024-02-27,1300.708251953125,1480.0,1515.0,1470.0,1515.0,45781700
2024-02-28,1309.4967041015625,1490.0,1500.0,1470.0,1490.0,22569900
2024-02-29,1283.1309814453125,1460.0,1505.0,1460.0,1495.0,48482200
2024-03-01,1300.708251953125,1480.0,1490.0,1465.0,1465.0,27751500
2024-03-04,1283.1309814453125,1460.0,1500.0,1460.0,1495.0,31713700
2024-03-05,1283.1309814453125,1460.0,1485.0,1460.0,1470.0,37549800
2024-03-06,1340.2567138671875,1525.0,1540.0,1465.0,1465.0,81197000
2024-03-07,1384.19970703125,1575.0,1580.0,1535.0,1535.0,84824100
2024-03-08,1375.4110107421875,1565.0,1600.0,1550.0,1595.0,52659100
2024-03-13,1423.7481689453125,1620.0,1635.0,1575.0,1575.0,116310700
2024-03-14,1445.7196044921875,1645.0,1645.0,1610.0,1630.0,69006400
2024-03-15,1419.3538818359375,1615.0,1645.0,1610.0,1645.0,51840100
2024-03-18,1454.508056640625,1655.0,1675.0,1605.0,1615.0,66602000
2024-03-19,1458.9024658203125,1660.0,1690.0,1660.0,1665.0,49266200
2024-03-20,1458.9024658203125,1660.0,1670.0,1645.0,1660.0,38425600
2024-03-21,1494.056640625,1700.0,1720.0,1680.0,1685.0,85481500
2024-03-22,1467.69091796875,1670.0,1700.0,1660.0,1700.0,42163600
2024-03-25,1458.9024658203125,1660.0,1685.0,1650.0,1685.0,51279200
2024-03-26,1463.2967529296875,1665.0,1675.0,1650.0,1675.0,35072600
2024-03-27,1436.9310302734375,1635.0,1675.0,1625.0,1665.0,34509200
2024-03-28,1406.1710205078125,1600.0,1655.0,1580.0,1640.0,62687900
2024-04-01,1388.5938720703125,1580.0,1635.0,1545.0,1615.0,61273100
2024-04-02,1441.3253173828125,1640.0,1640.0,1575.0,1580.0,46410200
2024-04-03,1445.7196044921875,1645.0,1660.0,1630.0,1650.0,55402400
2024-04-04,1458.9024658203125,1660.0,1675.0,1650.0,1660.0,47280700
2024-04-05,1467.69091796875,1670.0,1675.0,1645.0,1665.0,35349900
2024-04-16,1590.73095703125,1810.0,1810.0,1680.0,1685.0,201068200
2024-04-17,1577.548095703125,1795.0,1845.0,1775.0,1815.0,97314200
2024-04-18,1516.0281982421875,1725.0,1815.0,1710.0,1800.0,105257300
2024-04-19,1546.7880859375,1760.0,1770.0,1725.0,1765.0,86892700
2024-04-22,1555.5767822265625,1770.0,1800.0,1760.0,1780.0,70463000
2024-04-23,1529.2110595703125,1740.0,1775.0,1730.0,1770.0,53092100
2024-04-24,1476.4796142578125,1680.0,1750.0,1680.0,1745.0,42661100
2024-04-25,1397.3824462890625,1590.0,1695.0,1585.0,1680.0,77798400
2024-04-26,1401.7767333984375,1595.0,1615.0,1575.0,1600.0,45105100
2024-04-29,1419.3538818359375,1615.0,1620.0,1570.0,1600.0,44759600
2024-04-30,1441.3253173828125,1640.0,1640.0,1600.0,1625.0,42746700
2024-05-02,1327.0738525390625,1510.0,1610.0,1510.0,1605.0,100915200
2024-05-03,1309.4967041015625,1490.0,1535.0,1475.0,1515.0,70316700
2024-05-06,1331.46826171875,1515.0,1530.0,1490.0,1505.0,41690800
2024-05-07,1322.6795654296875,1505.0,1540.0,1500.0,1530.0,40340300
2024-05-08,1349.0452880859375,1535.0,1575.0,1480.0,1505.0,109109000
2024-05-13,1340.2567138671875,1525.0,1550.0,1515.0,1540.0,36491800
2024-05-14,1340.2567138671875,1525.0,1545.0,1515.0,1520.0,31675400
2024-05-15,1375.4110107421875,1565.0,1575.0,1535.0,1535.0,51245200
2024-05-16,1375.4110107421875,1565.0,1590.0,1560.0,1585.0,52891500
2024-05-17,1423.7481689453125,1620.0,1635.0,1585.0,1585.0,88081100
2024-05-20,1454.508056640625,1655.0,1670.0,1645.0,1645.0,113540600
2024-05-21,1490.773681640625,1565.0,1595.0,1545.0,1545.0,58009600
2024-05-22,1452.6707763671875,1525.0,1580.0,1520.0,1565.0,42177500
2024-05-27,1424.09375,1495.0,1535.0,1490.0,1525.0,34506000
2024-05-28,1443.1451416015625,1515.0,1535.0,1500.0,1500.0,33679300
2024-05-29,1452.6707763671875,1525.0,1540.0,1505.0,1525.0,27076800
2024-05-30,1419.330810546875,1490.0,1525.0,1490.0,1525.0,38241900
2024-05-31,1395.5166015625,1465.0,1510.0,1465.0,1490.0,81505200
2024-06-03,1400.2794189453125,1470.0,1490.0,1465.0,1465.0,29619200
2024-06-04,1371.7022705078125,1440.0,1485.0,1435.0,1470.0,60287600
2024-06-05,1276.4451904296875,1340.0,1445.0,1340.0,1440.0,104191600
2024-06-06,1252.630859375,1315.0,1380.0,1305.0,1345.0,73528000
2024-06-07,1238.34228515625,1300.0,1350.0,1300.0,1320.0,77512800
2024-06-10,1181.1881103515625,1240.0,1300.0,1215.0,1290.0,98034100
2024-06-11,1195.4766845703125,1255.0,1280.0,1240.0,1240.0,64084300
2024-06-12,1209.7652587890625,1270.0,1270.0,1240.0,1255.0,35959900
2024-06-13,1195.4766845703125,1255.0,1285.0,1255.0,1270.0,40672000
2024-06-14,1152.6109619140625,1210.0,1260.0,1205.0,1255.0,48922900
2024-06-19,1157.373779296875,1215.0,1225.0,1175.0,1215.0,36744000
2024-06-20,1157.373779296875,1215.0,1225.0,1200.0,1215.0,33480600
2024-06-21,1171.662353515625,1230.0,1255.0,1220.0,1220.0,55789200
2024-06-24,1190.7137451171875,1250.0,1260.0,1235.0,1235.0,22559600
2024-06-25,1166.8995361328125,1225.0,1260.0,1220.0,1255.0,29652400
2024-06-26,1157.373779296875,1215.0,1235.0,1210.0,1230.0,29664300
2024-06-27,1171.662353515625,1230.0,1230.0,1200.0,1200.0,24220600
2024-06-28,1190.7137451171875,1250.0,1265.0,1230.0,1235.0,54955600
2024-07-01,1243.105224609375,1305.0,1305.0,1250.0,1255.0,69300100
2024-07-02,1233.5794677734375,1295.0,1315.0,1280.0,1310.0,58443100
2024-07-03,1252.630859375,1315.0,1315.0,1280.0,1295.0,40057600
2024-07-04,1262.1566162109375,1325.0,1335.0,1320.0,1325.0,46070600
2024-07-05,1247.8680419921875,1310.0,1330.0,1305.0,1325.0,21984500
2024-07-08,1300.259521484375,1365.0,1365.0,1315.0,1315.0,61088000
2024-07-09,1281.2080078125,1345.0,1375.0,1340.0,1365.0,39832500
2024-07-10,1281.2080078125,1345.0,1365.0,1345.0,1350.0,25808000
2024-07-11,1295.49658203125,1360.0,1365.0,1320.0,1345.0,36563500
2024-07-12,1295.49658203125,1360.0,1380.0,1350.0,1365.0,34695000
2024-07-15,1285.970947265625,1350.0,1370.0,1330.0,1360.0,27711000
2024-07-16,1276.4451904296875,1340.0,1365.0,1335.0,1350.0,30321900
2024-07-17,1314.5479736328125,1380.0,1395.0,1355.0,1360.0,65083200
2024-07-18,1309.78515625,1375.0,1405.0,1375.0,1395.0,53937000
2024-07-19,1285.970947265625,1350.0,1380.0,1330.0,1375.0,60206400
2024-07-22,1276.4451904296875,1340.0,1360.0,1330.0,1350.0,35890600
2024-07-23,1252.630859375,1315.0,1350.0,1305.0,1340.0,48954700
2024-07-24,1247.8680419921875,1310.0,1325.0,1305.0,1315.0,28205300
2024-07-25,1219.2908935546875,1280.0,1310.0,1275.0,1305.0,44789300
2024-07-26,1233.5794677734375,1295.0,1300.0,1280.0,1285.0,33791400
2024-07-29,1247.8680419921875,1310.0,1350.0,1310.0,1325.0,62519500
2024-07-30,1238.34228515625,1300.0,1330.0,1300.0,1320.0,30531700
2024-07-31,1252.630859375,1315.0,1325.0,1305.0,1310.0,34840100
2024-08-01,1281.2080078125,1345.0,1355.0,1325.0,1340.0,54534700
2024-08-02,1281.2080078125,1345.0,1350.0,1320.0,1335.0,32243400
2024-08-05,1224.0538330078125,1285.0,1330.0,1265.0,1330.0,65319000
2024-08-06,1233.5794677734375,1295.0,1305.0,1280.0,1290.0,27910200
2024-08-07,1233.5794677734375,1295.0,1315.0,1295.0,1295.0,20663100
2024-08-08,1209.7652587890625,1270.0,1300.0,1270.0,1295.0,46868600
2024-08-09,1224.0538330078125,1285.0,1300.0,1280.0,1285.0,26308700
2024-08-12,1247.8680419921875,1310.0,1310.0,1290.0,1290.0,38054700
2024-08-13,1247.8680419921875,1310.0,1330.0,1280.0,1320.0,109937300
2024-08-14,1243.105224609375,1305.0,1320.0,1290.0,1310.0,46923100
2024-08-15,1319.3109130859375,1385.0,1390.0,1305.0,1310.0,177044200
2024-08-16,1390.753662109375,1460.0,1510.0,1400.0,1405.0,377536100
2024-08-19,1400.2794189453125,1470.0,1510.0,1460.0,1475.0,179600100
2024-08-20,1405.042236328125,1475.0,1495.0,1455.0,1480.0,88428900
2024-08-21,1400.2794189453125,1470.0,1525.0,1465.0,1485.0,133225200
2024-08-22,1371.7022705078125,1440.0,1475.0,1430.0,1470.0,73634500
2024-08-23,1381.22802734375,1450.0,1465.0,1445.0,1445.0,45814100
2024-08-26,1409.80517578125,1480.0,1480.0,1450.0,1460.0,75022900
2024-08-27,1400.2794189453125,1470.0,1485.0,1450.0,1480.0,37690700
2024-08-28,1381.22802734375,1450.0,1485.0,1450.0,1480.0,41278000
2024-08-29,1343.1251220703125,1410.0,1455.0,1400.0,1450.0,111056900
2024-08-30,1324.07373046875,1390.0,1420.0,1390.0,1415.0,764070300
2024-09-02,1328.8365478515625,1395.0,1415.0,1385.0,1400.0,116937200
2024-09-03,1305.0223388671875,1370.0,1405.0,1365.0,1400.0,87618500
2024-09-04,1281.2080078125,1345.0,1370.0,1340.0,1350.0,98870900
2024-09-05,1281.2080078125,1345.0,1370.0,1330.0,1350.0,106245300
2024-09-06,1271.682373046875,1335.0,1360.0,1330.0,1345.0,77347000
2024-09-09,1257.393798828125,1320.0,1340.0,1305.0,1335.0,92572800
2024-09-10,1257.393798828125,1320.0,1335.0,1305.0,1320.0,61469800
2024-09-11,1252.630859375,1315.0,1345.0,1315.0,1320.0,95724000
2024-09-12,1281.2080078125,1345.0,1360.0,1315.0,1325.0,104507600
2024-09-13,1271.682373046875,1335.0,1370.0,1330.0,1365.0,101550200
2024-09-17,1314.5479736328125,1380.0,1390.0,1345.0,1350.0,153082200
2024-09-18,1300.259521484375,1365.0,1380.0,1365.0,1380.0,54056600
2024-09-19,1309.78515625,1375.0,1380.0,1360.0,1365.0,64130700
2024-09-20,1305.0223388671875,1370.0,1385.0,1365.0,1380.0,66852400
2024-09-23,1328.8365478515625,1395.0,1410.0,1380.0,1380.0,124951500
2024-09-24,1343.1251220703125,1410.0,1410.0,1385.0,1400.0,99822100
2024-09-25,1371.7022705078125,1440.0,1445.0,1405.0,1420.0,213527100
2024-09-26,1357.4136962890625,1425.0,1450.0,1415.0,1450.0,119737300
2024-09-27,1400.2794189453125,1470.0,1480.0,1425.0,1430.0,146334800
2024-09-30,1409.80517578125,1480.0,1490.0,1435.0,1480.0,131933000
2024-10-01,1428.8565673828125,1500.0,1510.0,1480.0,1490.0,123533000
2024-10-02,1462.196533203125,1535.0,1570.0,1480.0,1510.0,254461600
2024-10-03,1462.196533203125,1535.0,1590.0,1535.0,1550.0,199006700
2024-10-04,1452.6707763671875,1525.0,1545.0,1500.0,1535.0,75683200
2024-10-07,1471.7222900390625,1545.0,1555.0,1525.0,1530.0,85637900
2024-10-08,1452.6707763671875,1525.0,1575.0,1505.0,1545.0,137208800
2024-10-09,1443.1451416015625,1515.0,1525.0,1490.0,1515.0,73795700
2024-10-10,1462.196533203125,1535.0,1540.0,1515.0,1515.0,59202600
2024-10-11,1490.773681640625,1565.0,1565.0,1535.0,1545.0,86316100
2024-10-14,1552.6907958984375,1630.0,1640.0,1565.0,1575.0,173551800
2024-10-15,1524.1136474609375,1600.0,1630.0,1590.0,1630.0,131950900
2024-10-16,1495.5364990234375,1570.0,1600.0,1570.0,1600.0,89196200
2024-10-17,1543.1650390625,1620.0,1625.0,1570.0,1585.0,103812400
2024-10-18,1547.927978515625,1625.0,1635.0,1605.0,1630.0,83020900
2024-10-21,1609.8450927734375,1690.0,1765.0,1640.0,1645.0,243375700
2024-10-22,1590.7935791015625,1670.0,1700.0,1660.0,1695.0,87540600
2024-10-23,1571.7421875,1650.0,1685.0,1640.0,1680.0,66120100
2024-10-24,1543.1650390625,1620.0,1650.0,1620.0,1640.0,55964600
2024-10-25,1509.8250732421875,1585.0,1655.0,1585.0,1620.0,84326300
2024-10-28,1533.639404296875,1610.0,1640.0,1590.0,1590.0,75462300
2024-10-29,1538.4022216796875,1615.0,1625.0,1595.0,1620.0,50332700
2024-10-30,1552.6907958984375,1630.0,1650.0,1610.0,1620.0,114888200
2024-10-31,1524.1136474609375,1600.0,1605.0,1540.0,1605.0,219900400
2024-11-01,1447.907958984375,1520.0,1590.0,1515.0,1590.0,86562200
2024-11-04,1452.6707763671875,1525.0,1560.0,1480.0,1520.0,90822600
2024-11-05,1500.2994384765625,1575.0,1575.0,1525.0,1525.0,113169500
2024-11-06,1466.9593505859375,1540.0,1590.0,1530.0,1575.0,70410300
2024-11-07,1500.2994384765625,1575.0,1580.0,1480.0,1520.0,119230900
2024-11-08,1509.8250732421875,1585.0,1610.0,1565.0,1595.0,61159000
2024-11-11,1457.4337158203125,1530.0,1580.0,1515.0,1580.0,49021500
2024-11-12,1490.773681640625,1565.0,1565.0,1510.0,1510.0,50902500
2024-11-13,1428.8565673828125,1500.0,1560.0,1495.0,1560.0,52007900
2024-11-14,1409.80517578125,1480.0,1500.0,1455.0,1500.0,63863000
2024-11-15,1333.5994873046875,1400.0,1480.0,1385.0,1470.0,99868300
2024-11-18,1328.8365478515625,1395.0,1425.0,1395.0,1405.0,32739700
2024-11-19,1405.042236328125,1475.0,1485.0,1410.0,1410.0,82940100
2024-11-20,1400.2794189453125,1470.0,1510.0,1460.0,1490.0,63724300
2024-11-21,1419.330810546875,1490.0,1500.0,1465.0,1475.0,47253500
2024-11-22,1381.22802734375,1450.0,1495.0,1450.0,1495.0,33202000
2024-11-25,1414.5679931640625,1485.0,1485.0,1435.0,1460.0,68021900
2024-11-26,1381.22802734375,1450.0,1485.0,1445.0,1485.0,30282300
2024-11-28,1352.65087890625,1420.0,1475.0,1420.0,1455.0,30730300
2024-11-29,1362.1766357421875,1430.0,1445.0,1395.0,1420.0,44703300
2024-12-02,1343.1251220703125,1410.0,1435.0,1410.0,1410.0,28640700
2024-12-03,1381.22802734375,1450.0,1470.0,1410.0,1410.0,61191200
2024-12-04,1395.5166015625,1465.0,1470.0,1440.0,1445.0,46067800
2024-12-05,1419.330810546875,1490.0,1495.0,1450.0,1470.0,57649600
2024-12-06,1414.5679931640625,1485.0,1495.0,1465.0,1490.0,33502500
2024-12-09,1419.330810546875,1490.0,1510.0,1480.0,1485.0,42618200
2024-12-10,1547.927978515625,1625.0,1630.0,1500.0,1500.0,158162400
2024-12-11,1524.1136474609375,1600.0,1655.0,1580.0,1625.0,72947100
2024-12-12,1538.4022216796875,1615.0,1635.0,1585.0,1605.0,62213000
2024-12-13,1509.8250732421875,1585.0,1615.0,1575.0,1615.0,42789500
2024-12-16,1486.0108642578125,1560.0,1585.0,1545.0,1570.0,28443900
2024-12-17,1438.3822021484375,1510.0,1565.0,1500.0,1565.0,45849900
2024-12-18,1443.1451416015625,1515.0,1535.0,1495.0,1510.0,25835100
2024-12-19,1400.2794189453125,1470.0,1495.0,1445.0,1495.0,40890300
2024-12-20,1352.65087890625,1420.0,1475.0,1420.0,1465.0,31468500
2024-12-23,1385.9908447265625,1455.0,1455.0,1425.0,1425.0,31957000
2024-12-24,1366.939453125,1435.0,1465.0,1435.0,1460.0,19521500
2024-12-27,1452.6707763671875,1525.0,1535.0,1440.0,1440.0,51044700
2024-12-30,1452.6707763671875,1525.0,1545.0,1490.0,1525.0,42238300
2025-01-02,1471.7222900390625,1545.0,1560.0,1520.0,1530.0,33508800
2025-01-03,1447.907958984375,1520.0,1560.0,1520.0,1560.0,18198800
2025-01-06,1395.5166015625,1465.0,1540.0,1460.0,1525.0,28169500
2025-01-07,1366.939453125,1435.0,1480.0,1430.0,1470.0,36008100
2025-01-08,1362.1766357421875,1430.0,1465.0,1425.0,1445.0,34414800
2025-01-09,1352.65087890625,1420.0,1440.0,1410.0,1435.0,30949900
2025-01-10,1395.5166015625,1465.0,1480.0,1425.0,1425.0,43730900
2025-01-13,1409.80517578125,1480.0,1495.0,1455.0,1475.0,40835000
2025-01-14,1447.907958984375,1520.0,1535.0,1465.0,1480.0,59977600
2025-01-15,1457.4337158203125,1530.0,1530.0,1505.0,1520.0,28123600
2025-01-16,1447.907958984375,1520.0,1550.0,1510.0,1535.0,32746500
2025-01-17,1447.907958984375,1520.0,1540.0,1505.0,1530.0,14490400
2025-01-20,1438.3822021484375,1510.0,1535.0,1500.0,1515.0,19484000
2025-01-21,1438.3822021484375,1510.0,1525.0,1500.0,1510.0,22004000
2025-01-22,1447.907958984375,1520.0,1540.0,1510.0,1515.0,23644500
2025-01-23,1419.330810546875,1490.0,1525.0,1480.0,1525.0,30835200
2025-01-24,1419.330810546875,1490.0,1505.0,1475.0,1490.0,19564100
2025-01-30,1328.8365478515625,1395.0,1490.0,1385.0,1490.0,92858400
2025-01-31,1324.07373046875,1390.0,1420.0,1385.0,1405.0,61882500
2025-02-03,1314.5479736328125,1380.0,1405.0,1355.0,1395.0,49107900
2025-02-04,1333.5994873046875,1400.0,1420.0,1395.0,1395.0,67722800
2025-02-05,1381.22802734375,1450.0,1450.0,1395.0,1410.0,87360400
2025-02-06,1333.5994873046875,1400.0,1455.0,1385.0,1450.0,60107000
2025-02-07,1362.1766357421875,1430.0,1435.0,1365.0,1400.0,54097100
2025-02-10,1319.3109130859375,1385.0,1435.0,1380.0,1435.0,40971800
2025-02-11,1333.5994873046875,1400.0,1420.0,1380.0,1405.0,52510000
2025-02-12,1328.8365478515625,1395.0,1405.0,1380.0,1405.0,33267100
2025-02-13,1400.2794189453125,1470.0,1470.0,1395.0,1395.0,90550900
2025-02-14,1457.4337158203125,1530.0,1535.0,1475.0,1475.0,121036100
2025-02-17,1481.2479248046875,1555.0,1560.0,1515.0,1530.0,67708700
2025-02-18,1476.485107421875,1550.0,1570.0,1535.0,1555.0,33927800
2025-02-19,1500.2994384765625,1575.0,1595.0,1560.0,1565.0,64348100
2025-02-20,1605.0821533203125,1685.0,1690.0,1570.0,1575.0,167232000
2025-02-21,1543.1650390625,1620.0,1685.0,1620.0,1685.0,75344800
2025-02-24,1562.216552734375,1640.0,1675.0,1630.0,1630.0,52458900
2025-02-25,1557.45361328125,1635.0,1665.0,1600.0,1650.0,60916100
2025-02-26,1552.6907958984375,1630.0,1640.0,1605.0,1635.0,51465900
2025-02-27,1547.927978515625,1625.0,1650.0,1610.0,1630.0,44544100
2025-02-28,1509.8250732421875,1585.0,1615.0,1505.0,1615.0,88545000
2025-03-03,1509.8250732421875,1585.0,1610.0,1555.0,1580.0,88386800
2025-03-04,1466.9593505859375,1540.0,1615.0,1530.0,1595.0,45571400
2025-03-05,1543.1650390625,1620.0,1630.0,1545.0,1545.0,64897700
2025-03-06,1547.927978515625,1625.0,1645.0,1615.0,1620.0,34278000
2025-03-07,1552.6907958984375,1630.0,1655.0,1615.0,1625.0,36726500
2025-03-10,1419.330810546875,1490.0,1610.0,1475.0,1600.0,102645500
2025-03-11,1447.907958984375,1520.0,1525.0,1465.0,1490.0,39764400
2025-03-12,1471.7222900390625,1545.0,1585.0,1530.0,1545.0,66399100
2025-03-13,1462.196533203125,1535.0,1570.0,1520.0,1550.0,47350400
2025-03-14,1514.587890625,1590.0,1615.0,1560.0,1560.0,64294500
2025-03-17,1576.5050048828125,1655.0,1690.0,1615.0,1620.0,101971200
2025-03-18,1557.45361328125,1635.0,1670.0,1545.0,1660.0,72950300
2025-03-19,1581.2679443359375,1660.0,1670.0,1620.0,1640.0,60532100
2025-03-20,1566.9793701171875,1645.0,1685.0,1640.0,1660.0,59817400
2025-03-21,1509.8250732421875,1585.0,1650.0,1580.0,1645.0,40953200
2025-03-24,1514.587890625,1590.0,1620.0,1535.0,1585.0,46998300
2025-03-25,1524.1136474609375,1600.0,1615.0,1555.0,1595.0,24572800
2025-03-26,1571.7421875,1650.0,1660.0,1615.0,1620.0,39601200
2025-03-27,1557.45361328125,1635.0,1650.0,1610.0,1650.0,32277300
2025-04-08,1333.5994873046875,1400.0,1480.0,1390.0,1450.0,133964900
2025-04-09,1405.042236328125,1475.0,1580.0,1415.0,1415.0,160024000
2025-04-10,1552.6907958984375,1630.0,1680.0,1575.0,1575.0,175844900
2025-04-11,1609.8450927734375,1690.0,1745.0,1650.0,1660.0,187903400
2025-04-14,1743.2049560546875,1830.0,1850.0,1740.0,1740.0,190556900
2025-04-15,1771.7821044921875,1860.0,1960.0,1820.0,1865.0,300016300
2025-04-16,1833.69921875,1925.0,1940.0,1860.0,1910.0,255794800
2025-04-17,1852.7506103515625,1945.0,1970.0,1925.0,1950.0,208479100
2025-04-21,1990.8734130859375,2090.0,2090.0,1965.0,1980.0,319927200
2025-04-22,2086.130615234375,2190.0,2210.0,2130.0,2130.0,360805600
2025-04-23,1971.822021484375,2070.0,2160.0,2030.0,2160.0,297133100
2025-04-24,2048.02783203125,2150.0,2150.0,2090.0,2110.0,252026600
2025-04-25,2038.501953125,2140.0,2190.0,2120.0,2180.0,151595100
2025-04-28,2028.976318359375,2130.0,2160.0,2090.0,2140.0,145265800
2025-04-29,2076.604736328125,2180.0,2180.0,2140.0,2150.0,162278000
2025-04-30,2067.0791015625,2170.0,2300.0,2160.0,2190.0,320158300
2025-05-02,2181.3876953125,2290.0,2340.0,2240.0,2270.0,357918800
2025-05-05,2209.96484375,2320.0,2340.0,2270.0,2280.0,152617900
2025-05-06,2419.530517578125,2540.0,2540.0,2360.0,2360.0,333198600
2025-05-07,2619.5703125,2750.0,2780.0,2550.0,2560.0,617628300
2025-05-08,2486.21044921875,2610.0,2860.0,2600.0,2780.0,522454300
2025-05-09,2552.890380859375,2680.0,2690.0,2590.0,2600.0,218194600
2025-05-14,2429.05615234375,2550.0,2630.0,2460.0,2620.0,356244400
2025-05-15,2429.05615234375,2550.0,2660.0,2500.0,2530.0,332822200
2025-05-16,2514.78759765625,2640.0,2670.0,2600.0,2660.0,174863200
2025-05-19,2590.9931640625,2720.0,2730.0,2640.0,2670.0,210292700
2025-05-20,2600.51904296875,2730.0,2740.0,2660.0,2720.0,163229300
2025-05-21,2771.981689453125,2910.0,2920.0,2770.0,2780.0,329772300
2025-05-22,2819.6103515625,2960.0,3080.0,2930.0,2990.0,367750100
2025-05-23,2981.54736328125,3130.0,3130.0,2980.0,2980.0,209432100
2025-05-26,2962.495849609375,3110.0,3280.0,3030.0,3170.0,305568000
2025-05-27,2886.290283203125,3030.0,3120.0,3010.0,3110.0,193424600
2025-05-28,2962.495849609375,3110.0,3220.0,3030.0,3030.0,285387300
2025-06-02,3162.535888671875,3320.0,3330.0,3160.0,3170.0,324002700
2025-06-03,3200.638671875,3360.0,3390.0,3260.0,3350.0,278458600
2025-06-04,3381.627197265625,3550.0,3660.0,3390.0,3400.0,422549000
2025-06-05,3286.3701171875,3450.0,3620.0,3430.0,3590.0,193549500
2025-06-10,3105.381591796875,3260.0,3420.0,3230.0,3350.0,437510400
2025-06-11,3124.43310546875,3280.0,3370.0,3210.0,3260.0,237081700
2025-06-12,3019.650146484375,3170.0,3330.0,3130.0,3320.0,249105300
2025-06-13,3143.484375,3300.0,3340.0,3240.0,3270.0,224736200
2025-06-16,3124.43310546875,3280.0,3370.0,3230.0,3330.0,177098300
2025-06-17,3305.42138671875,3470.0,3490.0,3240.0,3280.0,289461100
2025-06-18,3381.627197265625,3550.0,3590.0,3470.0,3500.0,242733200
2025-06-19,3172.0615234375,3330.0,3580.0,3300.0,3560.0,230240300
2025-06-20,3048.227294921875,3200.0,3340.0,3160.0,3330.0,223744600
2025-06-23,3190.0,3190.0,3290.0,3060.0,3070.0,210462500
2025-06-24,3090.0,3090.0,3240.0,3070.0,3190.0,144315500
2025-06-25,2930.0,2930.0,3140.0,2900.0,3100.0,220301500
2025-06-26,2940.0,2940.0,2970.0,2830.0,2930.0,230140900
2025-06-30,3040.0,3040.0,3070.0,2830.0,2910.0,264452100
2025-07-01,3070.0,3070.0,3100.0,3010.0,3070.0,166923600
2025-07-02,2990.0,2990.0,3070.0,2960.0,3060.0,98971800
2025-07-03,3120.0,3120.0,3160.0,2990.0,2990.0,151677300
2025-07-04,3000.0,3000.0,3120.0,3000.0,3120.0,159485200
2025-07-07,2910.0,2910.0,2980.0,2870.0,2980.0,100132700
2025-07-08,2930.0,2930.0,2990.0,2900.0,2950.0,114484400
2025-07-09,2920.0,2920.0,2960.0,2880.0,2940.0,97849400
2025-07-10,2990.0,2990.0,3070.0,2940.0,2960.0,188109100
2025-07-11,2990.0,2990.0,3020.0,2960.0,3000.0,97432200
2025-07-14,3030.0,3030.0,3060.0,2960.0,3030.0,170174900
2025-07-15,3000.0,3000.0,3030.0,2960.0,3030.0,77789300
2025-07-16,2990.0,2990.0,3010.0,2940.0,2990.0,126818600
2025-07-17,3010.0,3010.0,3070.0,2990.0,3010.0,149618400
2025-07-18,2970.0,2970.0,3030.0,2940.0,3020.0,116561200
2025-07-21,3190.0,3190.0,3210.0,2950.0,2990.0,222853800
2025-07-22,2960.0,2960.0,3270.0,2950.0,3250.0,426088000
2025-07-23,3040.0,3040.0,3040.0,2870.0,3010.0,195644700
2025-07-24,3030.0,3030.0,3070.0,2980.0,3020.0,97755800
2025-07-25,2970.0,2970.0,3040.0,2950.0,3040.0,61092600
2025-07-28,2970.0,2970.0,3030.0,2950.0,2970.0,85126700
2025-07-29,3000.0,3000.0,3020.0,2970.0,2970.0,53886500
2025-07-30,2990.0,2990.0,3050.0,2970.0,3010.0,58846000
2025-07-31,2850.0,2850.0,2970.0,2770.0,2950.0,235205600
2025-08-01,2880.0,2880.0,2920.0,2830.0,2860.0,102024200
2025-08-04,2910.0,2910.0,2970.0,2890.0,2920.0,75538900
2025-08-05,2940.0,2940.0,3050.0,2910.0,2930.0,151094800
2025-08-06,3080.0,3080.0,3100.0,2970.0,2970.0,192180500
2025-08-07,3150.0,3150.0,3250.0,3070.0,3100.0,222004300
2025-08-08,3090.0,3090.0,3170.0,3020.0,3160.0,102084600
2025-08-11,2940.0,2940.0,3070.0,2930.0,3060.0,141894900
2025-08-12,2900.0,2900.0,2950.0,2870.0,2940.0,111654300
2025-08-13,2910.0,2910.0,2960.0,2880.0,2930.0,112931000
2025-08-14,2890.0,2890.0,2940.0,2890.0,2920.0,109598600
2025-08-15,2900.0,2900.0,2920.0,2860.0,2900.0,59231900
2025-08-19,2810.0,2810.0,2910.0,2810.0,2900.0,111569000
2025-08-20,2840.0,2840.0,2840.0,2790.0,2810.0,67288600
2025-08-21,2830.0,2830.0,2880.0,2810.0,2860.0,66397100
2025-08-22,2820.0,2820.0,2870.0,2820.0,2840.0,29415000
2025-08-25,2870.0,2870.0,2900.0,2840.0,2850.0,72067200
2025-08-26,2880.0,2880.0,2920.0,2880.0,2890.0,84364800
2025-08-27,2960.0,2960.0,2990.0,2890.0,2920.0,135734500
2025-08-28,2980.0,2980.0,3020.0,2920.0,3000.0,121877400
2025-08-29,3040.0,3040.0,3050.0,2880.0,2960.0,222596200
2025-09-01,3200.0,3200.0,3280.0,2950.0,2950.0,545677100
2025-09-02,3470.0,3470.0,3480.0,3290.0,3300.0,441940600
2025-09-03,3480.0,3480.0,3580.0,3360.0,3520.0,393011500
2025-09-04,3390.0,3390.0,3470.0,3370.0,3470.0,142473100
2025-09-08,3610.0,3610.0,3710.0,3450.0,3470.0,400454400
2025-09-09,3660.0,3660.0,3930.0,3590.0,3680.0,514308300
2025-09-10,3510.0,3510.0,3600.0,3470.0,3580.0,192134400
2025-09-11,3390.0,3390.0,3570.0,3380.0,3520.0,174842200
2025-09-12,3490.0,3490.0,3520.0,3420.0,3430.0,126314000
2025-09-15,3490.0,3490.0,3530.0,3430.0,3490.0,104996600
2025-09-16,3600.0,3600.0,3600.0,3500.0,3550.0,150013900
2025-09-17,3460.0,3460.0,3580.0,3450.0,3570.0,138761900
2025-09-18,3420.0,3420.0,3490.0,3400.0,3490.0,117203300
2025-09-19,3450.0,3450.0,3580.0,3420.0,3420.0,164297600
2025-09-22,3580.0,3580.0,3580.0,3500.0,3520.0,128254500
2025-09-23,3670.0,3670.0,3730.0,3600.0,3650.0,212809600
2025-09-24,3470.0,3470.0,3620.0,3460.0,3610.0,173507600
2025-09-25,3170.0,3170.0,3400.0,3150.0,3350.0,400098200
2025-09-26,3210.0,3210.0,3220.0,3110.0,3180.0,164732500
2025-09-29,3300.0,3300.0,3330.0,3220.0,3250.0,148733800
2025-09-30,3160.0,3160.0,3350.0,3150.0,3340.0,209921800
2025-10-01,3210.0,3210.0,3230.0,3160.0,3200.0,125660700
2025-10-02,3110.0,3110.0,3200.0,3100.0,3190.0,133099000
2025-10-03,3200.0,3200.0,3220.0,3110.0,3120.0,98382600
2025-10-06,3190.0,3190.0,3300.0,3180.0,3260.0,111584900
2025-10-07,3140.0,3140.0,3250.0,3130.0,3220.0,114789800
2025-10-08,3330.0,3330.0,3380.0,3150.0,3170.0,303472900
2025-10-09,3220.0,3220.0,3350.0,3190.0,3340.0,173139700
2025-10-10,3310.0,3310.0,3340.0,3190.0,3200.0,127536400
2025-10-13,3370.0,3370.0,3430.0,3290.0,3310.0,199311000
2025-10-14,3350.0,3350.0,3500.0,3230.0,3440.0,322581200
2025-10-15,3400.0,3400.0,3460.0,3310.0,3410.0,198843300
2025-10-16,3430.0,3430.0,3540.0,3400.0,3450.0,256647500
2025-10-17,3450.0,3450.0,3530.0,3370.0,3470.0,216427700
2025-10-20,3270.0,3270.0,3450.0,3270.0,3450.0,160783200
2025-10-21,3290.0,3290.0,3350.0,3270.0,3340.0,96567900
2025-10-22,3170.0,3170.0,3230.0,3120.0,3150.0,114865300
2025-10-23,3190.0,3190.0,3210.0,3170.0,3180.0,66747300
2025-10-24,3130.0,3130.0,3210.0,3120.0,3190.0,84454900
2025-10-27,3150.0,3150.0,3210.0,3100.0,3150.0,84512600
2025-10-28,3100.0,3100.0,3130.0,3020.0,3120.0,101193900
2025-10-29,3200.0,3200.0,3220.0,3110.0,3110.0,91690700
2025-10-30,3120.0,3120.0,3210.0,3120.0,3200.0,93691300
2025-10-31,3100.0,3100.0,3180.0,3100.0,3160.0,92327900
2025-11-03,3110.0,3110.0,3130.0,3080.0,3100.0,56974500
2025-11-04,2960.0,2960.0,3110.0,2960.0,3110.0,173682100
2025-11-05,2980.0,2980.0,3000.0,2910.0,2950.0,115174300
2025-11-06,2930.0,2930.0,2980.0,2920.0,2980.0,73006600
2025-11-07,2900.0,2900.0,2940.0,2900.0,2930.0,91022900
2025-11-10,2910.0,2910.0,2960.0,2870.0,2930.0,156986000
2025-11-11,2880.0,2880.0,2960.0,2880.0,2940.0,102211800
2025-11-12,2880.0,2880.0,2910.0,2860.0,2900.0,70551600
2025-11-13,2890.0,2890.0,2920.0,2880.0,2910.0,69463700
2025-11-14,3040.0,3040.0,3060.0,2860.0,2900.0,247808900
2025-11-17,3060.0,3060.0,3130.0,2960.0,3040.0,258066200
2025-11-18,3010.0,3010.0,3100.0,3010.0,3060.0,160550100
2025-11-19,3000.0,3000.0,3050.0,3000.0,3010.0,72939900
2025-11-20,2980.0,2980.0,3030.0,2980.0,3010.0,60338300
2025-11-21,2910.0,2910.0,2990.0,2910.0,2980.0,70438500
2025-11-24,2930.0,2930.0,2970.0,2890.0,2940.0,77562700
2025-11-25,3000.0,3000.0,3050.0,2930.0,2960.0,96478900
2025-11-26,3030.0,3030.0,3070.0,2980.0,3020.0,115088600
2025-11-27,3000.0,3000.0,3060.0,3000.0,3040.0,59437500
2025-11-28,2910.0,2910.0,3030.0,2900.0,3010.0,131327000
2025-12-01,2990.0,2990.0,3020.0,2940.0,2940.0,66998800
2025-12-02,2980.0,2980.0,3000.0,2950.0,2990.0,62836100
2025-12-03,2920.0,2920.0,3000.0,2920.0,2990.0,64422400
2025-12-04,2900.0,2900.0,2950.0,2900.0,2930.0,51907700
2025-12-05,2910.0,2910.0,2940.0,2900.0,2910.0,45650000
2025-12-08,2970.0,2970.0,2990.0,2920.0,2920.0,59521000
2025-12-09,2920.0,2920.0,2990.0,2910.0,2980.0,48402900
2025-12-10,2930.0,2930.0,2950.0,2910.0,2950.0,50602100
2025-12-11,2890.0,2890.0,2980.0,2870.0,2950.0,95234500
2025-12-12,3050.0,3050.0,3130.0,2900.0,2910.0,304157500
2025-12-15,3030.0,3030.0,3130.0,2980.0,3110.0,211858600
2025-12-16,2970.0,2970.0,3040.0,2960.0,3030.0,91357800
2025-12-17,3020.0,3020.0,3090.0,2990.0,2990.0,107358300
2025-12-18,3110.0,3110.0,3110.0,3020.0,3040.0,143068000
2025-12-19,3070.0,3070.0,3230.0,3050.0,3120.0,272901900
2025-12-22,3190.0,3190.0,3220.0,3110.0,3110.0,263625800
2025-12-23,3190.0,3190.0,3260.0,3170.0,3250.0,178083800
2025-12-24,3220.0,3220.0,3290.0,3180.0,3240.0,219895200
2025-12-26,3220.0,3220.0,3220.0,3220.0,3220.0,0
2025-12-29,3300.0,3300.0,3420.0,3240.0,3240.0,283900400
2025-12-30,3150.0,3150.0,3270.0,3130.0,3270.0,209417500
2025-12-31,3150.0,3150.0,3150.0,3150.0,3150.0,0
2026-01-02,3210.0,3210.0,3230.0,3160.0,3170.0,80535600
2026-01-05,3390.0,3390.0,3400.0,3260.0,3280.0,203158600
2026-01-06,3450.0,3450.0,3460.0,3350.0,3410.0,194028600
2026-01-07,3850.0,3850.0,3930.0,3480.0,3490.0,607319400
2026-01-08,3490.0,3490.0,3820.0,3470.0,3810.0,354486100
2026-01-09,3630.0,3630.0,3690.0,3460.0,3500.0,268748100
2026-01-12,3830.0,3830.0,3980.0,3670.0,3840.0,465569800
2026-01-13,3880.0,3880.0,3930.0,3820.0,3830.0,211536700
2026-01-14,4090.0,4090.0,4180.0,3950.0,3960.0,271845900
2026-01-15,4050.0,4050.0,4180.0,4010.0,4170.0,174954300
2026-01-19,4000.0,4000.0,4140.0,3920.0,4100.0,187759300
2026-01-20,4120.0,4120.0,4120.0,3950.0,4000.0,159637300
2026-01-21,4270.0,4270.0,4350.0,4130.0,4160.0,325128500
2026-01-22,4220.0,4220.0,4270.0,4090.0,4270.0,184847000
2026-01-23,4290.0,4290.0,4400.0,4250.0,4320.0,203511600
2026-01-26,4760.0,4760.0,4970.0,4400.0,4400.0,491662800
